id;beginn;vertrieb_eingestellt;utax;kyocera;produktname;code;aliases
180;10-2009;True;CD 1118;TASKalfa 180;Orion GDI;2KK;CD 1118 | UTAX CD 1118 | DC 2118 | TASKalfa 180 | Kyocera TASKalfa 180 | 180 | Orion GDI | 2KK | CD1118 | UTAXCD1118 | DC2118 | TASKalfa180 | KyoceraTASKalfa180 | OrionGDI
1800;01-2014;True;1855x;TASKalfa 1800;Kizuna Basic;2NF;1855x | UTAX 1855x | TASKalfa 1800 | Kyocera TASKalfa 1800 | 1800 | Kizuna Basic | 2NF | UTAX1855x | TASKalfa1800 | KyoceraTASKalfa1800 | KizunaBasic
181;10-2009;True;CD 1218;TASKalfa 181;Orion;2KJ;CD 1218 | UTAX CD 1218 | DC 2218 | TASKalfa 181 | Kyocera TASKalfa 181 | 181 | Orion | 2KJ | CD1218 | UTAXCD1218 | DC2218 | TASKalfa181 | KyoceraTASKalfa181
2201;01-2014;True;2256x;TASKalfa 2201;Kizuna Adv.;2NG;2256x | UTAX 2256x | TASKalfa 2201 | Kyocera TASKalfa 2201 | 2201 | Kizuna Adv. | 2NG | UTAX2256x | TASKalfa2201 | KyoceraTASKalfa2201 | KizunaAdv.
221;11-2009;True;CD 1222;TASKalfa 221;Orion;2KH;CD 1222 | UTAX CD 1222 | DC 2222 | TASKalfa 221 | Kyocera TASKalfa 221 | 221 | Orion | 2KH | CD1222 | UTAXCD1222 | DC2222 | TASKalfa221 | KyoceraTASKalfa221
2420w;07-2011;True;XC 9124;TASKalfa 2420w;;;XC 9124 | UTAX XC 9124 | CX 8124 | TASKalfa 2420w | Kyocera TASKalfa 2420w | 2420w | XC9124 | UTAXXC9124 | CX8124 | TASKalfa2420w | KyoceraTASKalfa2420w
250ci;01-2009;True;CDC 1725;TASKalfa 250ci;Saturn;2JZ;CDC 1725 | UTAX CDC 1725 | DCC 2725 | TASKalfa 250ci | Kyocera TASKalfa 250ci | 250ci | Saturn | 2JZ | CDC1725 | UTAXCDC1725 | DCC2725 | TASKalfa250ci | KyoceraTASKalfa250ci
2550ci;05-2012;True;2550ci;TASKalfa 2550ci;Jupiter;2MV;2550ci | UTAX 2550ci | TASKalfa 2550ci | Kyocera TASKalfa 2550ci | Jupiter | 2MV | UTAX2550ci | TASKalfa2550ci | KyoceraTASKalfa2550ci
2551ci;02-2014;True;2500ci;TASKalfa 2551ci;Jupiter 2;2NP;2500ci | UTAX 2500ci | TASKalfa 2551ci | Kyocera TASKalfa 2551ci | 2551ci | Jupiter 2 | 2NP | UTAX2500ci | TASKalfa2551ci | KyoceraTASKalfa2551ci | Jupiter2
2552ci;09-2016;True;2506ci;TASKalfa 2552ci;Iris Color;2L7;2506ci | UTAX 2506ci | TASKalfa 2552ci | Kyocera TASKalfa 2552ci | 2552ci | Iris Color | 2L7 | UTAX2506ci | TASKalfa2552ci | KyoceraTASKalfa2552ci | IrisColor
2553ci;04-2019;True;2507ci;TASKalfa 2553ci;Iris 2 Color;2VH;2507ci | UTAX 2507ci | TASKalfa 2553ci | Kyocera TASKalfa 2553ci | 2553ci | Iris 2 Color | 2VH | UTAX2507ci | TASKalfa2553ci | KyoceraTASKalfa2553ci | Iris2Color
2554ci;03-2021;True;2508ci;TASKalfa 2554ci;Iris 2020 Color;2YP;2508ci | UTAX 2508ci | TASKalfa 2554ci | Kyocera TASKalfa 2554ci | 2554ci | Iris 2020 Color | 2YP | UTAX2508ci | TASKalfa2554ci | KyoceraTASKalfa2554ci | Iris2020Color
265ci;07-2013;True;260ci;TASKalfa 265ci;Gemini Black;2PA;260ci | UTAX 260ci | TASKalfa 265ci | Kyocera TASKalfa 265ci | 265ci | Gemini Black | 2PA | UTAX260ci | TASKalfa265ci | KyoceraTASKalfa265ci | GeminiBlack
266ci;02-2014;True;261ci;TASKalfa 266ci;E-Gemini Black;2PZ;261ci | UTAX 261ci | TASKalfa 266ci | Kyocera TASKalfa 266ci | 266ci | E-Gemini Black | 2PZ | UTAX261ci | TASKalfa266ci | KyoceraTASKalfa266ci | EGeminiBlack
300ci;01-2009;True;CDC 1730;TASKalfa 300ci;Saturn;2JX;CDC 1730 | UTAX CDC 1730 | DCC 2730 | TASKalfa 300ci | Kyocera TASKalfa 300ci | 300ci | Saturn | 2JX | CDC1730 | UTAXCDC1730 | DCC2730 | TASKalfa300ci | KyoceraTASKalfa300ci
300i;02-2010;True;CD 1430;TASKalfa 300i;Stratos 2;2K5;CD 1430 | UTAX CD 1430 | DC 2430 | TASKalfa 300i | Kyocera TASKalfa 300i | 300i | Stratos 2 | 2K5 | CD1430 | UTAXCD1430 | DC2430 | TASKalfa300i | KyoceraTASKalfa300i | Stratos2
3010i;01-2014;True;3060i;TASKalfa 3010i;Tomcat;2P8;3060i | UTAX 3060i | TASKalfa 3010i | Kyocera TASKalfa 3010i | 3010i | Tomcat | 2P8 | UTAX3060i | TASKalfa3010i | KyoceraTASKalfa3010i
3011i;10-2016;True;3061i;TASKalfa 3011i;Tomcat 2;2RG;3061i | UTAX 3061i | TASKalfa 3011i | Kyocera TASKalfa 3011i | 3011i | Tomcat 2 | 2RG | UTAX3061i | TASKalfa3011i | KyoceraTASKalfa3011i | Tomcat2
3050ci;04-2011;True;CDC 1930;TASKalfa 3050ci;Venus;2LK;CDC 1930 | UTAX CDC 1930 | DCC 2930 | TASKalfa 3050ci | Kyocera TASKalfa 3050ci | 3050ci | Venus | 2LK | CDC1930 | UTAXCDC1930 | DCC2930 | TASKalfa3050ci | KyoceraTASKalfa3050ci
3051ci;07-2013;True;3005ci;TASKalfa 3051ci;Venus 2;2L6;3005ci | UTAX 3005ci | TASKalfa 3051ci | Kyocera TASKalfa 3051ci | 3051ci | Venus 2 | 2L6 | UTAX3005ci | TASKalfa3051ci | KyoceraTASKalfa3051ci | Venus2
306ci;03-2016;True;300ci;TASKalfa 306ci;Perseus (Prius);2R4;300ci | UTAX 300ci | TASKalfa 306ci | Kyocera TASKalfa 306ci | 306ci | Perseus (Prius) | 2R4 | UTAX300ci | TASKalfa306ci | KyoceraTASKalfa306ci | Perseus(Prius)
307ci;06-2018;True;301ci;TASKalfa 307ci;Perseus 2;2SZ;301ci | UTAX 301ci | TASKalfa 307ci | Kyocera TASKalfa 307ci | 307ci | Perseus 2 | 2SZ | UTAX301ci | TASKalfa307ci | KyoceraTASKalfa307ci | Perseus2
308ci;01-2020;False;302ci;TASKalfa 308ci;Perseus 2-30S;2WL;302ci | UTAX 302ci | TASKalfa 308ci | Kyocera TASKalfa 308ci | 308ci | Perseus 2-30S | 2WL | UTAX302ci | TASKalfa308ci | KyoceraTASKalfa308ci | Perseus230S
3212i;01-2018;True;3262i;TASKalfa 3212i;Tomcat 3;2V7;3262i | UTAX 3262i | TASKalfa 3212i | Kyocera TASKalfa 3212i | 3212i | Tomcat 3 | 2V7 | UTAX3262i | TASKalfa3212i | KyoceraTASKalfa3212i | Tomcat3
3252ci;09-2016;True;3206ci;TASKalfa 3252ci;Iris Color;2RL;3206ci | UTAX 3206ci | TASKalfa 3252ci | Kyocera TASKalfa 3252ci | 3252ci | Iris Color | 2RL | UTAX3206ci | TASKalfa3252ci | KyoceraTASKalfa3252ci | IrisColor
3253ci;04-2019;True;3207ci;TASKalfa 3253ci;Iris 2 Color;2VG;3207ci | UTAX 3207ci | TASKalfa 3253ci | Kyocera TASKalfa 3253ci | 3253ci | Iris 2 Color | 2VG | UTAX3207ci | TASKalfa3253ci | KyoceraTASKalfa3253ci | Iris2Color
3500i;06-2011;True;CD 1435;TASKalfa 3500i;Gaia;2LL;CD 1435 | UTAX CD 1435 | DC 2435 | TASKalfa 3500i | Kyocera TASKalfa 3500i | 3500i | Gaia | 2LL | CD1435 | UTAXCD1435 | DC2435 | TASKalfa3500i | KyoceraTASKalfa3500i
3501i;07-2013;True;3555i;TASKalfa 3501i;Gaia 2;2NB;3555i | UTAX 3555i | TASKalfa 3501i | Kyocera TASKalfa 3501i | 3501i | Gaia 2 | 2NB | UTAX3555i | TASKalfa3501i | KyoceraTASKalfa3501i | Gaia2
350ci;09-2017;True;355ci;TASKalfa 350ci;Mebius b.MFP;2VM;355ci | UTAX 355ci | TASKalfa 350ci | Kyocera TASKalfa 350ci | 350ci | Mebius b.MFP | 2VM | UTAX355ci | TASKalfa350ci | KyoceraTASKalfa350ci | Mebiusb.MFP
3510i;01-2014;True;3560i;TASKalfa 3510i;Tomcat;2NL;3560i | UTAX 3560i | TASKalfa 3510i | Kyocera TASKalfa 3510i | 3510i | Tomcat | 2NL | UTAX3560i | TASKalfa3510i | KyoceraTASKalfa3510i
3511i;01-2017;True;3561i;TASKalfa 3511i;Tomcat 2;2RH;3561i | UTAX 3561i | TASKalfa 3511i | Kyocera TASKalfa 3511i | 3511i | Tomcat 2 | 2RH | UTAX3561i | TASKalfa3511i | KyoceraTASKalfa3511i | Tomcat2
351ci;01-2018;True;356ci;TASKalfa 351ci;Mebius E b.MFP;2VW;356ci | UTAX 356ci | TASKalfa 351ci | Kyocera TASKalfa 351ci | 351ci | Mebius E b.MFP | 2VW | UTAX356ci | TASKalfa351ci | KyoceraTASKalfa351ci | MebiusEb.MFP
352ci;01-2020;True;357ci;TASKalfa 352ci;Mebius E b.MFP;2ZL;357ci | UTAX 357ci | TASKalfa 352ci | Kyocera TASKalfa 352ci | 352ci | Mebius E b.MFP | 2ZL | UTAX357ci | TASKalfa352ci | KyoceraTASKalfa352ci | MebiusEb.MFP
3550ci;04-2011;True;CDC 1935;TASKalfa 3550ci;Venus;2LN;CDC 1935 | UTAX CDC 1935 | DCC 2935 | TASKalfa 3550ci | Kyocera TASKalfa 3550ci | 3550ci | Venus | 2LN | CDC1935 | UTAXCDC1935 | DCC2935 | TASKalfa3550ci | KyoceraTASKalfa3550ci
3551ci;07-2013;True;3505ci;TASKalfa 3551ci;Venus 2;2N6;3505ci | UTAX 3505ci | TASKalfa 3551ci | Kyocera TASKalfa 3551ci | 3551ci | Venus 2 | 2N6 | UTAX3505ci | TASKalfa3551ci | KyoceraTASKalfa3551ci | Venus2
3554ci;10-2021;True;3508ci;TASKalfa 3554ci;Iris 2020 Color;2XD;3508ci | UTAX 3508ci | TASKalfa 3554ci | Kyocera TASKalfa 3554ci | 3554ci | Iris 2020 Color | 2XD | UTAX3508ci | TASKalfa3554ci | KyoceraTASKalfa3554ci | Iris2020Color
356ci;03-2016;True;350ci;TASKalfa 356ci;Perseus (Prius);2R5;350ci | UTAX 350ci | TASKalfa 356ci | Kyocera TASKalfa 356ci | 356ci | Perseus (Prius) | 2R5 | UTAX350ci | TASKalfa356ci | KyoceraTASKalfa356ci | Perseus(Prius)
358ci;01-2020;False;352ci;TASKalfa 358ci;Perseus 2-35;2V4;352ci | UTAX 352ci | TASKalfa 358ci | Kyocera TASKalfa 358ci | 358ci | Perseus 2-35 | 2V4 | UTAX352ci | TASKalfa358ci | KyoceraTASKalfa358ci | Perseus235
4002i;10-2016;True;4056i;TASKalfa 4002i;Iris mono;2SA;4056i | UTAX 4056i | TASKalfa 4002i | Kyocera TASKalfa 4002i | 4002i | Iris mono | 2SA | UTAX4056i | TASKalfa4002i | KyoceraTASKalfa4002i | Irismono
400ci;01-2009;True;CDC 1740;TASKalfa 400ci;Saturn;2JV;CDC 1740 | UTAX CDC 1740 | DCC 2740 | TASKalfa 400ci | Kyocera TASKalfa 400ci | 400ci | Saturn | 2JV | CDC1740 | UTAXCDC1740 | DCC2740 | TASKalfa400ci | KyoceraTASKalfa400ci
4012i;01-2018;True;4062i;TASKalfa 4012i;Tomcat 3;2V6;4062i | UTAX 4062i | TASKalfa 4012i | Kyocera TASKalfa 4012i | 4012i | Tomcat 3 | 2V6 | UTAX4062i | TASKalfa4012i | KyoceraTASKalfa4012i | Tomcat3
4052ci;10-2016;True;4006ci;TASKalfa 4052ci;Iris Color;2RM;4006ci | UTAX 4006ci | TASKalfa 4052ci | Kyocera TASKalfa 4052ci | 4052ci | Iris Color | 2RM | UTAX4006ci | TASKalfa4052ci | KyoceraTASKalfa4052ci | IrisColor
4053ci;04-2019;True;4007ci;TASKalfa 4053ci;Iris 2 Color;2VF;4007ci | UTAX 4007ci | TASKalfa 4053ci | Kyocera TASKalfa 4053ci | 4053ci | Iris 2 Color | 2VF | UTAX4007ci | TASKalfa4053ci | KyoceraTASKalfa4053ci | Iris2Color
4054ci;10-2021;True;4008ci;TASKalfa 4054ci;Iris 2020 Color;2YN;4008ci | UTAX 4008ci | TASKalfa 4054ci | Kyocera TASKalfa 4054ci | 4054ci | Iris 2020 Color | 2YN | UTAX4008ci | TASKalfa4054ci | KyoceraTASKalfa4054ci | Iris2020Color
406ci;03-2016;True;400ci;TASKalfa 406ci;Perseus (Prius);2R6;400ci | UTAX 400ci | TASKalfa 406ci | Kyocera TASKalfa 406ci | 406ci | Perseus (Prius) | 2R6 | UTAX400ci | TASKalfa406ci | KyoceraTASKalfa406ci | Perseus(Prius)
408ci;01-2020;False;402ci;TASKalfa 408ci;Perseus 2-40;2V5;402ci | UTAX 402ci | TASKalfa 408ci | Kyocera TASKalfa 408ci | 408ci | Perseus 2-40 | 2V5 | UTAX402ci | TASKalfa408ci | KyoceraTASKalfa408ci | Perseus240
420i;12-2009;True;CD 1242;TASKalfa 420i;Falcon 4;2KR;CD 1242 | UTAX CD 1242 | DC 2242 | TASKalfa 420i | Kyocera TASKalfa 420i | 420i | Falcon 4 | 2KR | CD1242 | UTAXCD1242 | DC2242 | TASKalfa420i | KyoceraTASKalfa420i | Falcon4
4500i;06-2011;True;CD 1445;TASKalfa 4500i;Gaia;2LJ;CD 1445 | UTAX CD 1445 | DC 2445 | TASKalfa 4500i | Kyocera TASKalfa 4500i | 4500i | Gaia | 2LJ | CD1445 | UTAXCD1445 | DC2445 | TASKalfa4500i | KyoceraTASKalfa4500i
4501i;07-2013;True;4555i;TASKalfa 4501i;Gaia 2;2NA;4555i | UTAX 4555i | TASKalfa 4501i | Kyocera TASKalfa 4501i | 4501i | Gaia 2 | 2NA | UTAX4555i | TASKalfa4501i | KyoceraTASKalfa4501i | Gaia2
4550ci;04-2011;True;CDC 1945;TASKalfa 4550ci;Venus;2LM;CDC 1945 | UTAX CDC 1945 | DCC 2945 | TASKalfa 4550ci | Kyocera TASKalfa 4550ci | 4550ci | Venus | 2LM | CDC1945 | UTAXCDC1945 | DCC2945 | TASKalfa4550ci | KyoceraTASKalfa4550ci
4551ci;07-2013;True;4505ci;TASKalfa 4551ci;Venus 2;2N5;4505ci | UTAX 4505ci | TASKalfa 4551ci | Kyocera TASKalfa 4551ci | 4551ci | Venus 2 | 2N5 | UTAX4505ci | TASKalfa4551ci | KyoceraTASKalfa4551ci | Venus2
4820w;03-2011;True;XC 9148;TASKalfa 4820w;;;XC 9148 | UTAX XC 9148 | CX 8148 | TASKalfa 4820w | Kyocera TASKalfa 4820w | 4820w | XC9148 | UTAXXC9148 | CX8148 | TASKalfa4820w | KyoceraTASKalfa4820w
5002i;10-2016;True;5056i;TASKalfa 5002i;Iris mono;2RJ;5056i | UTAX 5056i | TASKalfa 5002i | Kyocera TASKalfa 5002i | 5002i | Iris mono | 2RJ | UTAX5056i | TASKalfa5002i | KyoceraTASKalfa5002i | Irismono
5003i;04-2019;True;5057i;TASKalfa 5003i;Iris 2 mono;2VL;5057i | UTAX 5057i | TASKalfa 5003i | Kyocera TASKalfa 5003i | 5003i | Iris 2 mono | 2VL | UTAX5057i | TASKalfa5003i | KyoceraTASKalfa5003i | Iris2mono
5004i;10-2021;True;5058i;TASKalfa 5004i;Iris 2020 mono;2YS;5058i | UTAX 5058i | TASKalfa 5004i | Kyocera TASKalfa 5004i | 5004i | Iris 2020 mono | 2YS | UTAX5058i | TASKalfa5004i | KyoceraTASKalfa5004i | Iris2020mono
500ci;01-2009;True;CDC 1840;TASKalfa 500ci;Saturn;2H7;CDC 1840 | UTAX CDC 1840 | DCC 2840 | TASKalfa 500ci | Kyocera TASKalfa 500ci | 500ci | Saturn | 2H7 | CDC1840 | UTAXCDC1840 | DCC2840 | TASKalfa500ci | KyoceraTASKalfa500ci
5052ci;10-2016;True;5006ci;TASKalfa 5052ci;Iris Color;2RN;5006ci | UTAX 5006ci | TASKalfa 5052ci | Kyocera TASKalfa 5052ci | 5052ci | Iris Color | 2RN | UTAX5006ci | TASKalfa5052ci | KyoceraTASKalfa5052ci | IrisColor
5053ci;04-2019;True;5007ci;TASKalfa 5053ci;Iris 2 Color;2VD;5007ci | UTAX 5007ci | TASKalfa 5053ci | Kyocera TASKalfa 5053ci | 5053ci | Iris 2 Color | 2VD | UTAX5007ci | TASKalfa5053ci | KyoceraTASKalfa5053ci | Iris2Color
5054ci;10-2021;True;5008ci;TASKalfa 5054ci;Iris 2020 Color;2YM;5008ci | UTAX 5008ci | TASKalfa 5054ci | Kyocera TASKalfa 5054ci | 5054ci | Iris 2020 Color | 2YM | UTAX5008ci | TASKalfa5054ci | KyoceraTASKalfa5054ci | Iris2020Color
508ci;01-2020;False;502ci;TASKalfa 508ci;Perseus 2-50;2WH;502ci | UTAX 502ci | TASKalfa 508ci | Kyocera TASKalfa 508ci | 508ci | Perseus 2-50 | 2WH | UTAX502ci | TASKalfa508ci | KyoceraTASKalfa508ci | Perseus250
520i;12-2009;True;CD 1252;TASKalfa 520i;Falcon 4;2KS;CD 1252 | UTAX CD 1252 | DC 2252 | TASKalfa 520i | Kyocera TASKalfa 520i | 520i | Falcon 4 | 2KS | CD1252 | UTAXCD1252 | DC2252 | TASKalfa520i | KyoceraTASKalfa520i | Falcon4
5500i;06-2011;True;CD 1455;TASKalfa 5500i;Gaia;2LH;CD 1455 | UTAX CD 1455 | DC 2455 | TASKalfa 5500i | Kyocera TASKalfa 5500i | 5500i | Gaia | 2LH | CD1455 | UTAXCD1455 | DC2455 | TASKalfa5500i | KyoceraTASKalfa5500i
5501i;07-2013;True;5555i;TASKalfa 5501i;Gaia 2;2N9;5555i | UTAX 5555i | TASKalfa 5501i | Kyocera TASKalfa 5501i | 5501i | Gaia 2 | 2N9 | UTAX5555i | TASKalfa5501i | KyoceraTASKalfa5501i | Gaia2
552ci;05-2009;True;CDC 1850;TASKalfa 552ci;Saturn 1.5;2KY;CDC 1850 | UTAX CDC 1850 | DCC 2850 | TASKalfa 552ci | Kyocera TASKalfa 552ci | 552ci | Saturn 1.5 | 2KY | CDC1850 | UTAXCDC1850 | DCC2850 | TASKalfa552ci | KyoceraTASKalfa552ci | Saturn1.5
5550ci;04-2011;True;CDC 1950;TASKalfa 5550ci;Venus;2LC;CDC 1950 | UTAX CDC 1950 | DCC 2950 | TASKalfa 5550ci | Kyocera TASKalfa 5550ci | 5550ci | Venus | 2LC | CDC1950 | UTAXCDC1950 | DCC2950 | TASKalfa5550ci | KyoceraTASKalfa5550ci
5551ci;07-2013;True;5505ci;TASKalfa 5551ci;Venus 2;2N4;5505ci | UTAX 5505ci | TASKalfa 5551ci | Kyocera TASKalfa 5551ci | 5551ci | Venus 2 | 2N4 | UTAX5505ci | TASKalfa5551ci | KyoceraTASKalfa5551ci | Venus2
6002i;01-2017;True;6056i;TASKalfa 6002i;Iris mono;2NK;6056i | UTAX 6056i | TASKalfa 6002i | Kyocera TASKalfa 6002i | 6002i | Iris mono | 2NK | UTAX6056i | TASKalfa6002i | KyoceraTASKalfa6002i | Irismono
6003i;04-2019;True;6057i;TASKalfa 6003i;Iris 2 mono;2VK;6057i | UTAX 6057i | TASKalfa 6003i | Kyocera TASKalfa 6003i | 6003i | Iris 2 mono | 2VK | UTAX6057i | TASKalfa6003i | KyoceraTASKalfa6003i | Iris2mono
6004i;10-2021;True;6058i;TASKalfa 6004i;Iris 2020 mono;2YR;6058i | UTAX 6058i | TASKalfa 6004i | Kyocera TASKalfa 6004i | 6004i | Iris 2020 mono | 2YR | UTAX6058i | TASKalfa6004i | KyoceraTASKalfa6004i | Iris2020mono
6052ci;10-2016;True;6006ci;TASKalfa 6052ci;Iris Color;2ND;6006ci | UTAX 6006ci | TASKalfa 6052ci | Kyocera TASKalfa 6052ci | 6052ci | Iris Color | 2ND | UTAX6006ci | TASKalfa6052ci | KyoceraTASKalfa6052ci | IrisColor
6053ci;04-2019;True;6007ci;TASKalfa 6053ci;Iris 2 Color;2V8;6007ci | UTAX 6007ci | TASKalfa 6053ci | Kyocera TASKalfa 6053ci | 6053ci | Iris 2 Color | 2V8 | UTAX6007ci | TASKalfa6053ci | KyoceraTASKalfa6053ci | Iris2Color
6054ci;10-2021;True;6008ci;TASKalfa 6054ci;Iris 2020 Color;2YL;6008ci | UTAX 6008ci | TASKalfa 6054ci | Kyocera TASKalfa 6054ci | 6054ci | Iris 2020 Color | 2YL | UTAX6008ci | TASKalfa6054ci | KyoceraTASKalfa6054ci | Iris2020Color
620;10-2009;True;CD 1162;TASKalfa 620;Harrier 1.5;2KN;CD 1162 | UTAX CD 1162 | DC 2162 | TASKalfa 620 | Kyocera TASKalfa 620 | 620 | Harrier 1.5 | 2KN | CD1162 | UTAXCD1162 | DC2162 | TASKalfa620 | KyoceraTASKalfa620 | Harrier1.5
6500i;06-2011;True;CD 1465;TASKalfa 6500i;Zeus;2LG;CD 1465 | UTAX CD 1465 | DC 2465 | TASKalfa 6500i | Kyocera TASKalfa 6500i | 6500i | Zeus | 2LG | CD1465 | UTAXCD1465 | DC2465 | TASKalfa6500i | KyoceraTASKalfa6500i
6501i;02-2014;True;6555i;TASKalfa 6501i;Zeus 2;2N8;6555i | UTAX 6555i | TASKalfa 6501i | Kyocera TASKalfa 6501i | 6501i | Zeus 2 | 2N8 | UTAX6555i | TASKalfa6501i | KyoceraTASKalfa6501i | Zeus2
650c;10-2009;True;CDC 1765;TASKalfa 650c;Broad Peak;5JN;CDC 1765 | UTAX CDC 1765 | DCC 2765 | TASKalfa 650c | Kyocera TASKalfa 650c | 650c | Broad Peak | 5JN | CDC1765 | UTAXCDC1765 | DCC2765 | TASKalfa650c | KyoceraTASKalfa650c | BroadPeak
6550ci;06-2011;True;CDC 1965;TASKalfa 6550ci;Mercury;2LB;CDC 1965 | UTAX CDC 1965 | DCC 2965 | TASKalfa 6550ci | Kyocera TASKalfa 6550ci | 6550ci | Mercury | 2LB | CDC1965 | UTAXCDC1965 | DCC2965 | TASKalfa6550ci | KyoceraTASKalfa6550ci
6551ci;03-2014;True;6505ci;TASKalfa 6551ci;Mercury 2;2N3;6505ci | UTAX 6505ci | TASKalfa 6551ci | Kyocera TASKalfa 6551ci | 6551ci | Mercury 2 | 2N3 | UTAX6505ci | TASKalfa6551ci | KyoceraTASKalfa6551ci | Mercury2
7002i;01-2017;True;7056i;TASKalfa 7002i;Zeus 3;2RK;7056i | UTAX 7056i | TASKalfa 7002i | Kyocera TASKalfa 7002i | 7002i | Zeus 3 | 2RK | UTAX7056i | TASKalfa7002i | KyoceraTASKalfa7002i | Zeus3
7003i;01-2020;True;7057i;TASKalfa 7003i;Zeus 4;2XW;7057i | UTAX 7057i | TASKalfa 7003i | Kyocera TASKalfa 7003i | 7003i | Zeus 4 | 2XW | UTAX7057i | TASKalfa7003i | KyoceraTASKalfa7003i | Zeus4
7004i;10-2021;True;7058i;TASKalfa 7004i;Iris 2020 mono;2XF;7058i | UTAX 7058i | TASKalfa 7004i | Kyocera TASKalfa 7004i | 7004i | Iris 2020 mono | 2XF | UTAX7058i | TASKalfa7004i | KyoceraTASKalfa7004i | Iris2020mono
7052ci;01-2017;True;7006ci;TASKalfa 7052ci;Mercury 3;2NH;7006ci | UTAX 7006ci | TASKalfa 7052ci | Kyocera TASKalfa 7052ci | 7052ci | Mercury 3 | 2NH | UTAX7006ci | TASKalfa7052ci | KyoceraTASKalfa7052ci | Mercury3
7054ci;10-2021;True;7008ci;TASKalfa 7054ci;Iris 2020 Color;2XC;7008ci | UTAX 7008ci | TASKalfa 7054ci | Kyocera TASKalfa 7054ci | 7054ci | Iris 2020 Color | 2XC | UTAX7008ci | TASKalfa7054ci | KyoceraTASKalfa7054ci | Iris2020Color
7353ci;01-2020;True;7307ci;TASKalfa 7353ci;Mercury 4;2XP;7307ci | UTAX 7307ci | TASKalfa 7353ci | Kyocera TASKalfa 7353ci | 7353ci | Mercury 4 | 2XP | UTAX7307ci | TASKalfa7353ci | KyoceraTASKalfa7353ci | Mercury4
750c;10-2009;True;CDC 1865;TASKalfa 750c;Broad Peak;5JN;CDC 1865 | UTAX CDC 1865 | DCC 2865 | TASKalfa 750c | Kyocera TASKalfa 750c | 750c | Broad Peak | 5JN | CDC1865 | UTAXCDC1865 | DCC2865 | TASKalfa750c | KyoceraTASKalfa750c | BroadPeak
7550ci;06-2011;True;CDC 1970;TASKalfa 7550ci;Mercury;2K9;CDC 1970 | UTAX CDC 1970 | DCC 2970 | TASKalfa 7550ci | Kyocera TASKalfa 7550ci | 7550ci | Mercury | 2K9 | CDC1970 | UTAXCDC1970 | DCC2970 | TASKalfa7550ci | KyoceraTASKalfa7550ci
7551ci;03-2014;True;7505ci;TASKalfa 7551ci;Mercury 2;2N2;7505ci | UTAX 7505ci | TASKalfa 7551ci | Kyocera TASKalfa 7551ci | 7551ci | Mercury 2 | 2N2 | UTAX7505ci | TASKalfa7551ci | KyoceraTASKalfa7551ci | Mercury2
8000i;06-2011;True;CD 1480;TASKalfa 8000i;Zeus;2LF;CD 1480 | UTAX CD 1480 | DC 2480 | TASKalfa 8000i | Kyocera TASKalfa 8000i | 8000i | Zeus | 2LF | CD1480 | UTAXCD1480 | DC2480 | TASKalfa8000i | KyoceraTASKalfa8000i
8001i;02-2014;True;8055i;TASKalfa 8001i;Zeus 2;2N7;8055i | UTAX 8055i | TASKalfa 8001i | Kyocera TASKalfa 8001i | 8001i | Zeus 2 | 2N7 | UTAX8055i | TASKalfa8001i | KyoceraTASKalfa8001i | Zeus2
8002i;01-2017;True;8056i;TASKalfa 8002i;Zeus 3;2NJ;8056i | UTAX 8056i | TASKalfa 8002i | Kyocera TASKalfa 8002i | 8002i | Zeus 3 | 2NJ | UTAX8056i | TASKalfa8002i | KyoceraTASKalfa8002i | Zeus3
8003i;01-2020;False;8057i;TASKalfa 8003i;Zeus 4;2XV;8057i | UTAX 8057i | TASKalfa 8003i | Kyocera TASKalfa 8003i | 8003i | Zeus 4 | 2XV | UTAX8057i | TASKalfa8003i | KyoceraTASKalfa8003i | Zeus4
8052ci;01-2017;True;8006ci;TASKalfa 8052ci;Mercury 3;2RP;8006ci | UTAX 8006ci | TASKalfa 8052ci | Kyocera TASKalfa 8052ci | 8052ci | Mercury 3 | 2RP | UTAX8006ci | TASKalfa8052ci | KyoceraTASKalfa8052ci | Mercury3
820;11-2009;True;CD 1182;TASKalfa 820;Harrier 1.5;2KP;CD 1182 | UTAX CD 1182 | DC 2182 | TASKalfa 820 | Kyocera TASKalfa 820 | 820 | Harrier 1.5 | 2KP | CD1182 | UTAXCD1182 | DC2182 | TASKalfa820 | KyoceraTASKalfa820 | Harrier1.5
8353ci;01-2020;False;8307ci;TASKalfa 8353ci;Mercury 4;2XN;8307ci | UTAX 8307ci | TASKalfa 8353ci | Kyocera TASKalfa 8353ci | 8353ci | Mercury 4 | 2XN | UTAX8307ci | TASKalfa8353ci | KyoceraTASKalfa8353ci | Mercury4
dc2050;01-2000;True;C 219;DC-2050;;2025Z;C 219 | UTAX C 219 | DC-2050 | Kyocera DC-2050 | dc2050 | 2025Z | C219 | UTAXC219 | KyoceraDC2050
dc2560;01-2000;True;C 259;DC-2560;;2530Z;C 259 | UTAX C 259 | DC-2560 | Kyocera DC-2560 | dc2560 | 2530Z | C259 | UTAXC259 | KyoceraDC2560
fs1010;06-2003;True;LP 3014;FS-1010;;;LP 3014 | UTAX LP 3014 | LP 4014 | FS-1010 | Kyocera FS-1010 | fs1010 | LP3014 | UTAXLP3014 | LP4014 | KyoceraFS1010
fs1028mfp;07-2009;True;CD 1028;FS-1028MFP;Discovery 2;2H9;CD 1028 | UTAX CD 1028 | DC 2028 | FS-1028MFP | Kyocera FS-1028MFP | fs1028mfp | Discovery 2 | 2H9 | CD1028 | UTAXCD1028 | DC2028 | KyoceraFS1028MFP | Discovery2
fs1028mfpta;10-2009;True;DC 2228;FS-1028MFP/TA;Discovery 2;2H9;DC 2228 | UTAX DC 2228 | FS-1028MFP/TA | Kyocera FS-1028MFP/TA | fs1028mfpta | Discovery 2 | 2H9 | DC2228 | UTAXDC2228 | FS1028MFP/TA | KyoceraFS1028MFP/TA | Discovery2
fs1030d;03-2006;True;LP 3022;FS-1030D;;2G6;LP 3022 | UTAX LP 3022 | LP 4022 | FS-1030D | Kyocera FS-1030D | fs1030d | 2G6 | LP3022 | UTAXLP3022 | LP4022 | KyoceraFS1030D
fs1030mfp;11-2011;True;CD 5130P;FS-1030MFP;Discovery 30;2MH;CD 5130P | UTAX CD 5130P | DC 6130P | FS-1030MFP | Kyocera FS-1030MFP | fs1030mfp | Discovery 30 | 2MH | CD5130P | UTAXCD5130P | DC6130P | KyoceraFS1030MFP | Discovery30
fs1030mfpdp;11-2011;True;CD 5130;FS-1030MFP DP;Discovery 30;2MH;CD 5130 | UTAX CD 5130 | DC 6130 | FS-1030MFP DP | Kyocera FS-1030MFP DP | fs1030mfpdp | Discovery 30 | 2MH | CD5130 | UTAXCD5130 | DC6130 | KyoceraFS1030MFPDP | Discovery30
fs1035mfp;11-2011;True;CD 5135;FS-1035MFP;Discovery 35;2MJ;CD 5135 | UTAX CD 5135 | DC 6135 | FS-1035MFP | Kyocera FS-1035MFP | fs1035mfp | Discovery 35 | 2MJ | CD5135 | UTAXCD5135 | DC6135 | KyoceraFS1035MFP | Discovery35
fs1100;02-2008;True;LP 3128;FS-1100;Dolphin;2H5;LP 3128 | UTAX LP 3128 | LP 4128 | FS-1100 | Kyocera FS-1100 | fs1100 | Dolphin | 2H5 | LP3128 | UTAXLP3128 | LP4128 | KyoceraFS1100
fs1116mfp;10-2006;True;CD 1316;FS-1116MFP;Dragon;2G5;CD 1316 | UTAX CD 1316 | DC 2316 | FS-1116MFP | Kyocera FS-1116MFP | fs1116mfp | Dragon | 2G5 | CD1316 | UTAXCD1316 | DC2316 | KyoceraFS1116MFP
fs1120d;06-2010;True;LP 3130;FS-1120D;Dolphin +;2LY;LP 3130 | UTAX LP 3130 | LP 4130 | FS-1120D | Kyocera FS-1120D | fs1120d | Dolphin + | 2LY | LP3130 | UTAXLP3130 | LP4130 | KyoceraFS1120D | Dolphin+
fs1128mfp;07-2009;True;CD 1128;FS-1128MFP;Discovery 2;2JN;CD 1128 | UTAX CD 1128 | DC 2128 | FS-1128MFP | Kyocera FS-1128MFP | fs1128mfp | Discovery 2 | 2JN | CD1128 | UTAXCD1128 | DC2128 | KyoceraFS1128MFP | Discovery2
fs1128mfpta;10-2009;True;DC 2328;FS-1128MFP/TA;Discovery 2;2JN;DC 2328 | UTAX DC 2328 | FS-1128MFP/TA | Kyocera FS-1128MFP/TA | fs1128mfpta | Discovery 2 | 2JN | DC2328 | UTAXDC2328 | FS1128MFP/TA | KyoceraFS1128MFP/TA | Discovery2
fs1130mfp;11-2011;True;CD 5230;FS-1130MFP;Discovery 30;2MK;CD 5230 | UTAX CD 5230 | DC 6230 | FS-1130MFP | Kyocera FS-1130MFP | fs1130mfp | Discovery 30 | 2MK | CD5230 | UTAXCD5230 | DC6230 | KyoceraFS1130MFP | Discovery30
fs1135mfp;11-2011;True;CD 5235;FS-1135MFP;Discovery 35;2ML;CD 5235 | UTAX CD 5235 | DC 6235 | FS-1135MFP | Kyocera FS-1135MFP | fs1135mfp | Discovery 35 | 2ML | CD5235 | UTAXCD5235 | DC6235 | KyoceraFS1135MFP | Discovery35
fs1300d;02-2008;True;LP 3228;FS-1300D;Dolphin;2HS;LP 3228 | UTAX LP 3228 | LP 4228 | FS-1300D | Kyocera FS-1300D | fs1300d | Dolphin | 2HS | LP3228 | UTAXLP3228 | LP4228 | KyoceraFS1300D
fs1320d;06-2010;True;LP 3135;FS-1320D;Dolphin +;2LZ;LP 3135 | UTAX LP 3135 | LP 4135 | FS-1320D | Kyocera FS-1320D | fs1320d | Dolphin + | 2LZ | LP3135 | UTAXLP3135 | LP4135 | KyoceraFS1320D | Dolphin+
fs1350d;01-2009;True;LP 3230;FS-1350D;Dolphin Net;2H4;LP 3230 | UTAX LP 3230 | LP 4230 | FS-1350D | Kyocera FS-1350D | fs1350d | Dolphin Net | 2H4 | LP3230 | UTAXLP3230 | LP4230 | KyoceraFS1350D | DolphinNet
fs1370dn;08-2010;True;LP 3335;FS-1370DN;Dolphin Net+;2MH;LP 3335 | UTAX LP 3335 | LP 4335 | FS-1370DN | Kyocera FS-1370DN | fs1370dn | Dolphin Net+ | 2MH | LP3335 | UTAXLP3335 | LP4335 | KyoceraFS1370DN | DolphinNet+
fs1900;06-2003;True;LP 3018;FS-1900;;;LP 3018 | UTAX LP 3018 | LP 4018 | FS-1900 | Kyocera FS-1900 | fs1900 | LP3018 | UTAXLP3018 | LP4018 | KyoceraFS1900
fs2000d;04-2006;True;LP 3030;FS-2000D;5th Generation;2F8;LP 3030 | UTAX LP 3030 | LP 4030 | FS-2000D | Kyocera FS-2000D | fs2000d | 5th Generation | 2F8 | LP3030 | UTAXLP3030 | LP4030 | KyoceraFS2000D | 5thGeneration
fs2020d;01-2009;True;LP 3235;FS-2020D;5th Gen. +;2J0;LP 3235 | UTAX LP 3235 | LP 4235 | FS-2020D | Kyocera FS-2020D | fs2020d | 5th Gen. + | 2J0 | LP3235 | UTAXLP3235 | LP4235 | KyoceraFS2020D | 5thGen.+
fs2100d;10-2012;True;P-4030D;FS-2100d;6th Generation;2L2;P-4030D | UTAX P-4030D | FS-2100d | Kyocera FS-2100d | fs2100d | 6th Generation | 2L2 | P4030D | UTAXP4030D | KyoceraFS2100d | 6thGeneration
fs2100dn;10-2012;True;P-4030DN;FS-2100dn;6th Generation;2MS;P-4030DN | UTAX P-4030DN | FS-2100dn | Kyocera FS-2100dn | fs2100dn | 6th Generation | 2MS | P4030DN | UTAXP4030DN | KyoceraFS2100dn | 6thGeneration
fs3040mfp;06-2010;True;CD 1340;FS-3040MFP;Cygnus MFP;2LW;CD 1340 | UTAX CD 1340 | DC 2340 | FS-3040MFP | Kyocera FS-3040MFP | fs3040mfp | Cygnus MFP | 2LW | CD1340 | UTAXCD1340 | DC2340 | KyoceraFS3040MFP | CygnusMFP
fs3040mfp+;06-2011;True;CD 5140L;FS-3040MFP+;Cygnus L;2MF;CD 5140L | UTAX CD 5140L | DC 6140L | FS-3040MFP+ | Kyocera FS-3040MFP+ | fs3040mfp+ | Cygnus L | 2MF | CD5140L | UTAXCD5140L | DC6140L | KyoceraFS3040MFP+ | CygnusL
fs3140mfp;06-2010;True;CD 1440;FS-3140MFP;Cygnus MFP;2LX;CD 1440 | UTAX CD 1440 | DC 2440 | FS-3140MFP | Kyocera FS-3140MFP | fs3140mfp | Cygnus MFP | 2LX | CD1440 | UTAXCD1440 | DC2440 | KyoceraFS3140MFP | CygnusMFP
fs3140mfp+;06-2011;True;CD 5240L;FS-3140MFP+;Cygnus L;2MG;CD 5240L | UTAX CD 5240L | DC 6240L | FS-3140MFP+ | Kyocera FS-3140MFP+ | fs3140mfp+ | Cygnus L | 2MG | CD5240L | UTAXCD5240L | DC6240L | KyoceraFS3140MFP+ | CygnusL
fs3540mfp;06-2011;True;CD 5140;FS-3540MFP;Cygnus H;2MC;CD 5140 | UTAX CD 5140 | DC 6140 | FS-3540MFP | Kyocera FS-3540MFP | fs3540mfp | Cygnus H | 2MC | CD5140 | UTAXCD5140 | DC6140 | KyoceraFS3540MFP | CygnusH
fs3640mfp;06-2011;True;CD 5240;FS-3640MFP;Cygnus H;2MD;CD 5240 | UTAX CD 5240 | DC 6240 | FS-3640MFP | Kyocera FS-3640MFP | fs3640mfp | Cygnus H | 2MD | CD5240 | UTAXCD5240 | DC6240 | KyoceraFS3640MFP | CygnusH
fs3800;06-2003;True;LP 3024;FS-3800;Waverly;;LP 3024 | UTAX LP 3024 | LP 4024 | FS-3800 | Kyocera FS-3800 | fs3800 | Waverly | LP3024 | UTAXLP3024 | LP4024 | KyoceraFS3800
fs3820n;03-2004;True;LP 3028;FS-3820N;Endeavour;2FP;LP 3028 | UTAX LP 3028 | LP 4028 | FS-3820N | Kyocera FS-3820N | fs3820n | Endeavour | 2FP | LP3028 | UTAXLP3028 | LP4028 | KyoceraFS3820N
fs3830n;03-2004;True;LP 3033;FS-3830N;Endeavour;2FY;LP 3033 | UTAX LP 3033 | LP 4033 | FS-3830N | Kyocera FS-3830N | fs3830n | Endeavour | 2FY | LP3033 | UTAXLP3033 | LP4033 | KyoceraFS3830N
fs3900dn;04-2006;True;LP 3035;FS-3900DN;5th Generation;2F9;LP 3035 | UTAX LP 3035 | LP 4035 | FS-3900DN | Kyocera FS-3900DN | fs3900dn | 5th Generation | 2F9 | LP3035 | UTAXLP3035 | LP4035 | KyoceraFS3900DN | 5thGeneration
fs3920dn;01-2009;True;LP 3240;FS-3920DN;5th Gen. +;2J1;LP 3240 | UTAX LP 3240 | LP 4240 | FS-3920DN | Kyocera FS-3920DN | fs3920dn | 5th Gen. + | 2J1 | LP3240 | UTAXLP3240 | LP4240 | KyoceraFS3920DN | 5thGen.+
fs4000dn;04-2006;True;LP 3045;FS-4000DN;5th Generation;2GA;LP 3045 | UTAX LP 3045 | LP 4045 | FS-4000DN | Kyocera FS-4000DN | fs4000dn | 5th Generation | 2GA | LP3045 | UTAXLP3045 | LP4045 | KyoceraFS4000DN | 5thGeneration
fs4020dn;01-2009;True;LP 3245;FS-4020DN;5th Gen. +;2J2;LP 3245 | UTAX LP 3245 | LP 4245 | FS-4020DN | Kyocera FS-4020DN | fs4020dn | 5th Gen. + | 2J2 | LP3245 | UTAXLP3245 | LP4245 | KyoceraFS4020DN | 5thGen.+
fs4100dn;10-2012;True;P-4530DN;FS-4100dn;6th Generation;2MT;P-4530DN | UTAX P-4530DN | FS-4100dn | Kyocera FS-4100dn | fs4100dn | 6th Generation | 2MT | P4530DN | UTAXP4530DN | KyoceraFS4100dn | 6thGeneration
fs4200dn;10-2012;True;P-5030DN;FS-4200dn;6th Generation;2L1;P-5030DN | UTAX P-5030DN | FS-4200dn | Kyocera FS-4200dn | fs4200dn | 6th Generation | 2L1 | P5030DN | UTAXP5030DN | KyoceraFS4200dn | 6thGeneration
fs4300dn;10-2012;True;P-6030DN;FS-4300dn;6th Generation;2LV;P-6030DN | UTAX P-6030DN | FS-4300dn | Kyocera FS-4300dn | fs4300dn | 6th Generation | 2LV | P6030DN | UTAXP6030DN | KyoceraFS4300dn | 6thGeneration
fs9120dn;05-2005;True;LP 3036;FS-9120DN;Hornet 2;2FJ;LP 3036 | UTAX LP 3036 | LP 4036 | FS-9120DN | Kyocera FS-9120DN | fs9120dn | Hornet 2 | 2FJ | LP3036 | UTAXLP3036 | LP4036 | KyoceraFS9120DN | Hornet2
fs9130dn;08-2006;True;LP 3140;FS-9130DN;Hornet 3;2GZ;LP 3140 | UTAX LP 3140 | LP 4140 | FS-9130DN | Kyocera FS-9130DN | fs9130dn | Hornet 3 | 2GZ | LP3140 | UTAXLP3140 | LP4140 | KyoceraFS9130DN | Hornet3
fs920;03-2005;True;LP 3118;FS-920;Tornado;2FV;LP 3118 | UTAX LP 3118 | LP 4118 | FS-920 | Kyocera FS-920 | fs920 | Tornado | 2FV | LP3118 | UTAXLP3118 | LP4118 | KyoceraFS920
fs9520dn;05-2005;True;LP 3051;FS-9520DN;Hornet 2;2FH;LP 3051 | UTAX LP 3051 | LP 4051 | FS-9520DN | Kyocera FS-9520DN | fs9520dn | Hornet 2 | 2FH | LP3051 | UTAXLP3051 | LP4051 | KyoceraFS9520DN | Hornet2
fs9530dn;08-2006;True;LP 3151;FS-9530DN;Hornet 3;2G1;LP 3151 | UTAX LP 3151 | LP 4151 | FS-9530DN | Kyocera FS-9530DN | fs9530dn | Hornet 3 | 2G1 | LP3151 | UTAXLP3151 | LP4151 | KyoceraFS9530DN | Hornet3
fsc1020mfp;06-2009;True;CDC 1620;FS-C1020MFP;Pluto;5JK;CDC 1620 | UTAX CDC 1620 | DCC 2620 | FS-C1020MFP | Kyocera FS-C1020MFP | fsc1020mfp | Pluto | 5JK | CDC1620 | UTAXCDC1620 | DCC2620 | KyoceraFSC1020MFP
fsc2026mfp;09-2010;True;CDC 1626;FS-C2026MFP;Gemini MFP;2KW;CDC 1626 | UTAX CDC 1626 | DCC 2626 | FS-C2026MFP | Kyocera FS-C2026MFP | fsc2026mfp | Gemini MFP | 2KW | CDC1626 | UTAXCDC1626 | DCC2626 | KyoceraFSC2026MFP | GeminiMFP
fsc2026mfp+;06-2011;True;CDC 5526L;FS-C2026MFP+;Gemini L;2MA;CDC 5526L | UTAX CDC 5526L | DCC 6526L | FS-C2026MFP+ | Kyocera FS-C2026MFP+ | fsc2026mfp+ | Gemini L | 2MA | CDC5526L | UTAXCDC5526L | DCC6526L | KyoceraFSC2026MFP+ | GeminiL
fsc2126mfp;09-2010;True;CDC 1726;FS-C2126MFP;Gemini MFP;2KX;CDC 1726 | UTAX CDC 1726 | DCC 2726 | FS-C2126MFP | Kyocera FS-C2126MFP | fsc2126mfp | Gemini MFP | 2KX | CDC1726 | UTAXCDC1726 | DCC2726 | KyoceraFSC2126MFP | GeminiMFP
fsc2126mfp+;06-2011;True;CDC 5626L;FS-C2126MFP+;Gemini L;2MB;CDC 5626L | UTAX CDC 5626L | DCC 6626L | FS-C2126MFP+ | Kyocera FS-C2126MFP+ | fsc2126mfp+ | Gemini L | 2MB | CDC5626L | UTAXCDC5626L | DCC6626L | KyoceraFSC2126MFP+ | GeminiL
fsc2526mfp;06-2011;True;CDC 5526;FS-C2526MFP;Gemini H;2M8;CDC 5526 | UTAX CDC 5526 | DCC 6526 | FS-C2526MFP | Kyocera FS-C2526MFP | fsc2526mfp | Gemini H | 2M8 | CDC5526 | UTAXCDC5526 | DCC6526 | KyoceraFSC2526MFP | GeminiH
fsc2626mfp;06-2011;True;CDC 5626;FS-C2626MFP;Gemini H;2M9;CDC 5626 | UTAX CDC 5626 | DCC 6626 | FS-C2626MFP | Kyocera FS-C2626MFP | fsc2626mfp | Gemini H | 2M9 | CDC5626 | UTAXCDC5626 | DCC6626 | KyoceraFSC2626MFP | GeminiH
fsc5015n;10-2006;True;CLP 3316;FS-C5015N;A10_A19;;CLP 3316 | UTAX CLP 3316 | CLP 4316 | FS-C5015N | Kyocera FS-C5015N | fsc5015n | A10_A19 | CLP3316 | UTAXCLP3316 | CLP4316 | KyoceraFSC5015N
fsc5016n;03-2004;True;CLP 3516;FS-C5016N;A80;;CLP 3516 | UTAX CLP 3516 | CLP 4516 | FS-C5016N | Kyocera FS-C5016N | fsc5016n | A80 | CLP3516 | UTAXCLP3516 | CLP4516 | KyoceraFSC5016N
fsc5020n;03-2005;True;CLP 3416;FS-C5020N;B26;;CLP 3416 | UTAX CLP 3416 | CLP 4416 | FS-C5020N | Kyocera FS-C5020N | fsc5020n | B26 | CLP3416 | UTAXCLP3416 | CLP4416 | KyoceraFSC5020N
fsc5025n;10-2006;True;CLP 3520;FS-C5025N;;;CLP 3520 | UTAX CLP 3520 | CLP 4520 | FS-C5025N | Kyocera FS-C5025N | fsc5025n | CLP3520 | UTAXCLP3520 | CLP4520 | KyoceraFSC5025N
fsc5030n;03-2005;True;CLP 3524;FS-C5030N;B27;;CLP 3524 | UTAX CLP 3524 | CLP 4524 | FS-C5030N | Kyocera FS-C5030N | fsc5030n | B27 | CLP3524 | UTAXCLP3524 | CLP4524 | KyoceraFSC5030N
fsc5100n;11-2008;True;CLP 3521;FS-C5100N;Cassiopeia;2HL;CLP 3521 | UTAX CLP 3521 | CLP 4521 | FS-C5100N | Kyocera FS-C5100N | fsc5100n | Cassiopeia | 2HL | CLP3521 | UTAXCLP3521 | CLP4521 | KyoceraFSC5100N
fsc5150dn;01-2011;True;CLP 3721;FS-C5150DN;Gemini Printer;2KT;CLP 3721 | UTAX CLP 3721 | CLP 4721 | FS-C5150DN | Kyocera FS-C5150DN | fsc5150dn | Gemini Printer | 2KT | CLP3721 | UTAXCLP3721 | CLP4721 | KyoceraFSC5150DN | GeminiPrinter
fsc5200n;02-2010;True;CLP 3621;FS-C5200N;Cassiopeia;2HM;CLP 3621 | UTAX CLP 3621 | CLP 4621 | FS-C5200N | Kyocera FS-C5200N | fsc5200n | Cassiopeia | 2HM | CLP3621 | UTAXCLP3621 | CLP4621 | KyoceraFSC5200N
fsc5250dn;01-2011;True;CLP 3726;FS-C5250DN;Gemini Printer;2KV;CLP 3726 | UTAX CLP 3726 | CLP 4726 | FS-C5250DN | Kyocera FS-C5250DN | fsc5250dn | Gemini Printer | 2KV | CLP3726 | UTAXCLP3726 | CLP4726 | KyoceraFSC5250DN | GeminiPrinter
fsc5300n;11-2008;True;CLP 3626;FS-C5300N;Cassiopeia;2HN;CLP 3626 | UTAX CLP 3626 | CLP 4626 | FS-C5300N | Kyocera FS-C5300N | fsc5300n | Cassiopeia | 2HN | CLP3626 | UTAXCLP3626 | CLP4626 | KyoceraFSC5300N
fsc5350dn;02-2010;True;CLP 3630;FS-C5350DN;Cassiopeia 30;2K8;CLP 3630 | UTAX CLP 3630 | CLP 4630 | FS-C5350DN | Kyocera FS-C5350DN | fsc5350dn | Cassiopeia 30 | 2K8 | CLP3630 | UTAXCLP3630 | CLP4630 | KyoceraFSC5350DN | Cassiopeia30
fsc5400dn;07-2009;True;CLP 3635;FS-C5400DN;Treasure;2HG;CLP 3635 | UTAX CLP 3635 | CLP 4635 | FS-C5400DN | Kyocera FS-C5400DN | fsc5400dn | Treasure | 2HG | CLP3635 | UTAXCLP3635 | CLP4635 | KyoceraFSC5400DN
fsc8026;03-2005;True;CLP 3526;FS-C8026;Magic;2BF;CLP 3526 | UTAX CLP 3526 | CLP 4526 | FS-C8026 | Kyocera FS-C8026 | fsc8026 | Magic | 2BF | CLP3526 | UTAXCLP3526 | CLP4526 | KyoceraFSC8026
fsc8100dn;01-2007;True;CLP 3532;FS-C8100DN;Voyager Printer;;CLP 3532 | UTAX CLP 3532 | CLP 4532 | FS-C8100DN | Kyocera FS-C8100DN | fsc8100dn | Voyager Printer | CLP3532 | UTAXCLP3532 | CLP4532 | KyoceraFSC8100DN | VoyagerPrinter
fsc8100dn+;01-2009;True;CLP 3532;FS-C8100DN+;Voyager Printer;;CLP 3532 | UTAX CLP 3532 | CLP 4532 | FS-C8100DN+ | Kyocera FS-C8100DN+ | fsc8100dn+ | Voyager Printer | CLP3532 | UTAXCLP3532 | CLP4532 | KyoceraFSC8100DN+ | VoyagerPrinter
fsc8500dn;02-2010;True;CLP 3550;FS-C8500DN;Saturn Printer;2KA;CLP 3550 | UTAX CLP 3550 | CLP 4550 | FS-C8500DN | Kyocera FS-C8500DN | fsc8500dn | Saturn Printer | 2KA | CLP3550 | UTAXCLP3550 | CLP4550 | KyoceraFSC8500DN | SaturnPrinter
fsc8600dn;07-2013;True;P-C4580DN;FS-C8600dn;Venus Printer;2N1;P-C4580DN | UTAX P-C4580DN | FS-C8600dn | Kyocera FS-C8600dn | fsc8600dn | Venus Printer | 2N1 | PC4580DN | UTAXPC4580DN | KyoceraFSC8600dn | VenusPrinter
fsc8650dn;07-2013;True;P-C5580DN;FS-C8650dn;Venus Printer;2MN;P-C5580DN | UTAX P-C5580DN | FS-C8650dn | Kyocera FS-C8650dn | fsc8650dn | Venus Printer | 2MN | PC5580DN | UTAXPC5580DN | KyoceraFSC8650dn | VenusPrinter
km1118mfp;03-2005;True;CD 1018;KM-1118MFP;Discovery MFP;;CD 1018 | UTAX CD 1018 | DC 2018 | KM-1118MFP | Kyocera KM-1118MFP | km1118mfp | Discovery MFP | CD1018 | UTAXCD1018 | DC2018 | KyoceraKM1118MFP | DiscoveryMFP
km1500;07-2003;True;CD 1315;KM-1500;;2DC;CD 1315 | UTAX CD 1315 | DC 2315 | KM-1500 | Kyocera KM-1500 | km1500 | 2DC | CD1315 | UTAXCD1315 | DC2315 | KyoceraKM1500
km1505;06-2001;True;CD 1115;KM-1505;;;CD 1115 | UTAX CD 1115 | DC 2115 | KM-1505 | Kyocera KM-1505 | km1505 | CD1115 | UTAXCD1115 | DC2115 | KyoceraKM1505
km1510;06-2001;True;CD 1215;KM-1510;;;CD 1215 | UTAX CD 1215 | DC 2215 | KM-1510 | Kyocera KM-1510 | km1510 | CD1215 | UTAXCD1215 | DC2215 | KyoceraKM1510
km1530;02-2001;True;CD 1015;KM-1530;;;CD 1015 | UTAX CD 1015 | DC 2015 | KM-1530 | Kyocera KM-1530 | km1530 | CD1015 | UTAXCD1015 | DC2015 | KyoceraKM1530
km1620;10-2003;True;CD 1016;KM-1620;Atlantis Copier;;CD 1016 | UTAX CD 1016 | DC 2016 | KM-1620 | Kyocera KM-1620 | km1620 | Atlantis Copier | CD1016 | UTAXCD1016 | DC2016 | KyoceraKM1620 | AtlantisCopier
km1635;02-2006;True;CD 1216;KM-1635;Atlantis GDI;;CD 1216 | UTAX CD 1216 | DC 2216 | KM-1635 | Kyocera KM-1635 | km1635 | Atlantis GDI | CD1216 | UTAXCD1216 | DC2216 | KyoceraKM1635 | AtlantisGDI
km1650;10-2004;True;CD 1116;KM-1650;Atlantis MFP;;CD 1116 | UTAX CD 1116 | DC 2116 | KM-1650 | Kyocera KM-1650 | km1650 | Atlantis MFP | CD1116 | UTAXCD1116 | DC2116 | KyoceraKM1650 | AtlantisMFP
km2030;02-2001;True;CD 1020;KM-2030;Atlantis MFP;;CD 1020 | UTAX CD 1020 | DC 2020 | KM-2030 | Kyocera KM-2030 | km2030 | Atlantis MFP | CD1020 | UTAXCD1020 | DC2020 | KyoceraKM2030 | AtlantisMFP
km2050;10-2004;True;CD 1120;KM-2050;Atlantis MFP;;CD 1120 | UTAX CD 1120 | DC 2120 | KM-2050 | Kyocera KM-2050 | km2050 | Atlantis MFP | CD1120 | UTAXCD1120 | DC2120 | KyoceraKM2050 | AtlantisMFP
km2530;01-2002;True;CD 1025;KM-2530;Falcon 1;;CD 1025 | UTAX CD 1025 | DC 2025 | KM-2530 | Kyocera KM-2530 | km2530 | Falcon 1 | CD1025 | UTAXCD1025 | DC2025 | KyoceraKM2530 | Falcon1
km2550;10-2004;True;CD 1125;KM-2550;Atlantis MFP;2FT;CD 1125 | UTAX CD 1125 | DC 2125 | KM-2550 | Kyocera KM-2550 | km2550 | Atlantis MFP | 2FT | CD1125 | UTAXCD1125 | DC2125 | KyoceraKM2550 | AtlantisMFP
km2560;10-2007;True;CD 1325;KM-2560;Stratos;2H0;CD 1325 | UTAX CD 1325 | DC 2325 | KM-2560 | Kyocera KM-2560 | km2560 | Stratos | 2H0 | CD1325 | UTAXCD1325 | DC2325 | KyoceraKM2560
km3035;11-2003;True;CD 1030;KM-3035;Falcon 2;;CD 1030 | UTAX CD 1030 | DC 2130 | KM-3035 | Kyocera KM-3035 | km3035 | Falcon 2 | CD1030 | UTAXCD1030 | DC2130 | KyoceraKM3035 | Falcon2
km3050;07-2006;True;CD 1230;KM-3050;Falcon 3;2GN;CD 1230 | UTAX CD 1230 | DC 2230 | KM-3050 | Kyocera KM-3050 | km3050 | Falcon 3 | 2GN | CD1230 | UTAXCD1230 | DC2230 | KyoceraKM3050 | Falcon3
km3060;10-2008;True;CD 1330;KM-3060;Stratos;2HZ;CD 1330 | UTAX CD 1330 | DC 2330 | KM-3060 | Kyocera KM-3060 | km3060 | Stratos | 2HZ | CD1330 | UTAXCD1330 | DC2330 | KyoceraKM3060
km3530;01-2002;True;CD 1035;KM-3530;Falcon 1;;CD 1035 | UTAX CD 1035 | DC 2035 | KM-3530 | Kyocera KM-3530 | km3530 | Falcon 1 | CD1035 | UTAXCD1035 | DC2035 | KyoceraKM3530 | Falcon1
km4035;11-2003;True;CD 1040;KM-4035;Falcon 2;;CD 1040 | UTAX CD 1040 | DC 2140 | KM-4035 | Kyocera KM-4035 | km4035 | Falcon 2 | CD1040 | UTAXCD1040 | DC2140 | KyoceraKM4035 | Falcon2
km4050;07-2006;True;CD 1240;KM-4050;Falcon 3;2GP;CD 1240 | UTAX CD 1240 | DC 2240 | KM-4050 | Kyocera KM-4050 | km4050 | Falcon 3 | 2GP | CD1240 | UTAXCD1240 | DC2240 | KyoceraKM4050 | Falcon3
km4230;11-2000;True;CD 1042;KM-4230;;;CD 1042 | UTAX CD 1042 | DC 2042 | KM-4230 | Kyocera KM-4230 | km4230 | CD1042 | UTAXCD1042 | DC2042 | KyoceraKM4230
km4530;04-2002;True;CD 1045;KM-4530;Eagle;;CD 1045 | UTAX CD 1045 | DC 2045 | KM-4530 | Kyocera KM-4530 | km4530 | Eagle | CD1045 | UTAXCD1045 | DC2045 | KyoceraKM4530
km4850w;04-2002;True;XC 9682;KM-4850w;;A0Dplus;XC 9682 | UTAX XC 9682 | CX 8682 | KM-4850w | Kyocera KM-4850w | km4850w | A0Dplus | XC9682 | UTAXXC9682 | CX8682 | KyoceraKM4850w
km5035;11-2003;True;CD 1050;KM-5035;Falcon 2;;CD 1050 | UTAX CD 1050 | DC 2150 | KM-5035 | Kyocera KM-5035 | km5035 | Falcon 2 | CD1050 | UTAXCD1050 | DC2150 | KyoceraKM5035 | Falcon2
km5050;07-2006;True;CD 1250;KM-5050;Falcon 3;2GR;CD 1250 | UTAX CD 1250 | DC 2250 | KM-5050 | Kyocera KM-5050 | km5050 | Falcon 3 | 2GR | CD1250 | UTAXCD1250 | DC2250 | KyoceraKM5050 | Falcon3
km5230;10-2000;True;CD 1052;KM-5230;;;CD 1052 | UTAX CD 1052 | DC 2052 | KM-5230 | Kyocera KM-5230 | km5230 | CD1052 | UTAXCD1052 | DC2052 | KyoceraKM5230
km5530;04-2002;True;CD 1055;KM-5530;Eagle;;CD 1055 | UTAX CD 1055 | DC 2055 | KM-5530 | Kyocera KM-5530 | km5530 | Eagle | CD1055 | UTAXCD1055 | DC2055 | KyoceraKM5530
km6030;07-2005;True;CD 1060;KM-6030;Harrier;2FC;CD 1060 | UTAX CD 1060 | DC 2060 | KM-6030 | Kyocera KM-6030 | km6030 | Harrier | 2FC | CD1060 | UTAXCD1060 | DC2060 | KyoceraKM6030
km6230;11-2000;True;CD 1062;KM-6230;Pegasus 1;;CD 1062 | UTAX CD 1062 | DC 2062 | KM-6230 | Kyocera KM-6230 | km6230 | Pegasus 1 | CD1062 | UTAXCD1062 | DC2062 | KyoceraKM6230 | Pegasus1
km6330;01-2003;True;CD 1063;KM-6330;Pegasus 2;2CJ;CD 1063 | UTAX CD 1063 | DC 2063 | KM-6330 | Kyocera KM-6330 | km6330 | Pegasus 2 | 2CJ | CD1063 | UTAXCD1063 | DC2063 | KyoceraKM6330 | Pegasus2
km7530;07-2003;True;CD 1075;KM-7530;Pegasus 3;2FA;CD 1075 | UTAX CD 1075 | DC 2075 | KM-7530 | Kyocera KM-7530 | km7530 | Pegasus 3 | 2FA | CD1075 | UTAXCD1075 | DC2075 | KyoceraKM7530 | Pegasus3
km8030;07-2005;True;CD 1080;KM-8030;Harrier;2FB;CD 1080 | UTAX CD 1080 | DC 2080 | KM-8030 | Kyocera KM-8030 | km8030 | Harrier | 2FB | CD1080 | UTAXCD1080 | DC2080 | KyoceraKM8030
kmc2520;07-2006;True;CDC 1520;KM-C2520;Voyager 1.0;2FZ;CDC 1520 | UTAX CDC 1520 | DCC 2520 | KM-C2520 | Kyocera KM-C2520 | kmc2520 | Voyager 1.0 | 2FZ | CDC1520 | UTAXCDC1520 | DCC2520 | KyoceraKMC2520 | Voyager1.0
kmc2525e;05-2007;True;CDC 1625;KM-C2525E;Voyager 1.5;2JL;CDC 1625 | UTAX CDC 1625 | DCC 2625 | KM-C2525E | Kyocera KM-C2525E | kmc2525e | Voyager 1.5 | 2JL | CDC1625 | UTAXCDC1625 | DCC2625 | KyoceraKMC2525E | Voyager1.5
kmc2630;06-2004;True;CDC 1526;KM-C2630;Mirage;2BG;CDC 1526 | UTAX CDC 1526 | DCC 2526 | KM-C2630 | Kyocera KM-C2630 | kmc2630 | Mirage | 2BG | CDC1526 | UTAXCDC1526 | DCC2526 | KyoceraKMC2630
kmc2630d;06-2004;True;CDC 1526D;KM-C2630D;Mirage;2BG;CDC 1526D | UTAX CDC 1526D | DCC 2526D | KM-C2630D | Kyocera KM-C2630D | kmc2630d | Mirage | 2BG | CDC1526D | UTAXCDC1526D | DCC2526D | KyoceraKMC2630D
kmc3225;07-2006;True;CDC 1525;KM-C3225;Voyager 1.0;2F0;CDC 1525 | UTAX CDC 1525 | DCC 2525 | KM-C3225 | Kyocera KM-C3225 | kmc3225 | Voyager 1.0 | 2F0 | CDC1525 | UTAXCDC1525 | DCC2525 | KyoceraKMC3225 | Voyager1.0
kmc3232;07-2006;True;CDC 1532;KM-C3232;Voyager 1.0;2HC;CDC 1532 | UTAX CDC 1532 | DCC 2532 | KM-C3232 | Kyocera KM-C3232 | kmc3232 | Voyager 1.0 | 2HC | CDC1532 | UTAXCDC1532 | DCC2532 | KyoceraKMC3232 | Voyager1.0
kmc3232e;05-2007;True;CDC 1632;KM-C3232E;Voyager 1.5;2JG;CDC 1632 | UTAX CDC 1632 | DCC 2632 | KM-C3232E | Kyocera KM-C3232E | kmc3232e | Voyager 1.5 | 2JG | CDC1632 | UTAXCDC1632 | DCC2632 | KyoceraKMC3232E | Voyager1.5
kmc4035e;06-2007;True;CDC 1635;KM-C4035E;Voyager 1.5;2JD;CDC 1635 | UTAX CDC 1635 | DCC 2635 | KM-C4035E | Kyocera KM-C4035E | kmc4035e | Voyager 1.5 | 2JD | CDC1635 | UTAXCDC1635 | DCC2635 | KyoceraKMC4035E | Voyager1.5
m2030dn;01-2014;True;P-3020MFP;M2030DN;E-Discovery 2.5;2PK;P-3020MFP | UTAX P-3020MFP | M2030DN | Kyocera M2030DN | E-Discovery 2.5 | 2PK | P3020MFP | UTAXP3020MFP | KyoceraM2030DN | EDiscovery2.5
m2035dn;01-2014;True;P-3520MFP;M2035DN;E-Discovery 2.5;2PM;P-3520MFP | UTAX P-3520MFP | M2035DN | Kyocera M2035DN | E-Discovery 2.5 | 2PM | P3520MFP | UTAXP3520MFP | KyoceraM2035DN | EDiscovery2.5
m2040dn;01-2017;True;P-4020MFP;M2040DN;Libra MFP;2S3;P-4020MFP | UTAX P-4020MFP | M2040DN | Kyocera M2040DN | Libra MFP | 2S3 | P4020MFP | UTAXP4020MFP | KyoceraM2040DN | LibraMFP
m2135dn;01-2017;True;P-3521MFP;M2135DN;Libra MFP;2S0;P-3521MFP | UTAX P-3521MFP | M2135DN | Kyocera M2135DN | Libra MFP | 2S0 | P3521MFP | UTAXP3521MFP | KyoceraM2135DN | LibraMFP
m2530dn;01-2014;True;P-3025MFP;M2530DN;E-Discovery 2.5;2PL;P-3025MFP | UTAX P-3025MFP | M2530DN | Kyocera M2530DN | E-Discovery 2.5 | 2PL | P3025MFP | UTAXP3025MFP | KyoceraM2530DN | EDiscovery2.5
m2535dn;01-2014;True;P-3525MFP;M2535DN;Discovery 2.5;2PN;P-3525MFP | UTAX P-3525MFP | M2535DN | Kyocera M2535DN | Discovery 2.5 | 2PN | P3525MFP | UTAXP3525MFP | KyoceraM2535DN | Discovery2.5
m2540dw;01-2017;True;P-4025wMFP;M2540DW;Libra MFP;2S4;P-4025wMFP | UTAX P-4025wMFP | M2540DW | Kyocera M2540DW | Libra MFP | 2S4 | P4025wMFP | UTAXP4025wMFP | KyoceraM2540DW | LibraMFP
m2640idw;01-2017;True;P-4026iwMFP;M2640iDW;Libra MFP TSI;2S5;P-4026iwMFP | UTAX P-4026iwMFP | M2640iDW | Kyocera M2640iDW | Libra MFP TSI | 2S5 | P4026iwMFP | UTAXP4026iwMFP | KyoceraM2640iDW | LibraMFPTSI
m2735dw;01-2017;True;P-3527wMFP;M2735DW;Libra MFP;2SG;P-3527wMFP | UTAX P-3527wMFP | M2735DW | Kyocera M2735DW | Libra MFP | 2SG | P3527wMFP | UTAXP3527wMFP | KyoceraM2735DW | LibraMFP
m3040dn;03-2014;True;P-4030MFP;M3040dn;Polaris;2P0;P-4030MFP | UTAX P-4030MFP | M3040dn | Kyocera M3040dn | Polaris | 2P0 | P4030MFP | UTAXP4030MFP | KyoceraM3040dn
m3040idn;03-2014;True;P-4030iMFP;M3040idn;Polaris;2NY;P-4030iMFP | UTAX P-4030iMFP | M3040idn | Kyocera M3040idn | Polaris | 2NY | P4030iMFP | UTAXP4030iMFP | KyoceraM3040idn
m3145dn;06-2018;True;P-4531MFP;M3145dn;Polaris E;2TF;P-4531MFP | UTAX P-4531MFP | M3145dn | Kyocera M3145dn | Polaris E | 2TF | P4531MFP | UTAXP4531MFP | KyoceraM3145dn | PolarisE
m3145idn;06-2018;True;P-4531iMFP;M3145idn;Polaris E;2V2;P-4531iMFP | UTAX P-4531iMFP | M3145idn | Kyocera M3145idn | Polaris E | 2V2 | P4531iMFP | UTAXP4531iMFP | KyoceraM3145idn | PolarisE
m3540dn;03-2014;True;P-4035MFP;M3540dn;Polaris;2NZ;P-4035MFP | UTAX P-4035MFP | M3540dn | Kyocera M3540dn | Polaris | 2NZ | P4035MFP | UTAXP4035MFP | KyoceraM3540dn
m3540idn;03-2014;True;P-4035iMFP;M3540idn;Polaris;2NX;P-4035iMFP | UTAX P-4035iMFP | M3540idn | Kyocera M3540idn | Polaris | 2NX | P4035iMFP | UTAXP4035iMFP | KyoceraM3540idn
m3550idn;03-2014;True;P-5035iMFP;M3550idn;Polaris;2NM;P-5035iMFP | UTAX P-5035iMFP | M3550idn | Kyocera M3550idn | Polaris | 2NM | P5035iMFP | UTAXP5035iMFP | KyoceraM3550idn
m3560idn;03-2014;True;P-6035iMFP;M3560idn;Polaris;2P6;P-6035iMFP | UTAX P-6035iMFP | M3560idn | Kyocera M3560idn | Polaris | 2P6 | P6035iMFP | UTAXP6035iMFP | KyoceraM3560idn
m3645dn;06-2018;True;P-4536MFP;M3645dn;Polaris E;2TG;P-4536MFP | UTAX P-4536MFP | M3645dn | Kyocera M3645dn | Polaris E | 2TG | P4536MFP | UTAXP4536MFP | KyoceraM3645dn | PolarisE
m3645idn;06-2018;True;P-4536iMFP;M3645idn;Polaris E;2V3;P-4536iMFP | UTAX P-4536iMFP | M3645idn | Kyocera M3645idn | Polaris E | 2V3 | P4536iMFP | UTAXP4536iMFP | KyoceraM3645idn | PolarisE
m3655iadn;01-2022;True;P-5536i/AMFP;M3655iadn;Polaris E;2TB;P-5536i/AMFP | UTAX P-5536i/AMFP | M3655iadn | Kyocera M3655iadn | Polaris E | 2TB | P5536i/AMFP | UTAXP5536i/AMFP | KyoceraM3655iadn | PolarisE
m3655idn;06-2018;True;P-5536iMFP;M3655idn;Polaris E;2TB;P-5536iMFP | UTAX P-5536iMFP | M3655idn | Kyocera M3655idn | Polaris E | 2TB | P5536iMFP | UTAXP5536iMFP | KyoceraM3655idn | PolarisE
m3660idn;06-2018;True;P-6036iMFP;M3660idn;Polaris E;2TA;P-6036iMFP | UTAX P-6036iMFP | M3660idn | Kyocera M3660idn | Polaris E | 2TA | P6036iMFP | UTAXP6036iMFP | KyoceraM3660idn | PolarisE
m3860idn;06-2020;True;P-6038iMFP;M3860idn;Polaris Eplus;2X9;P-6038iMFP | UTAX P-6038iMFP | M3860idn | Kyocera M3860idn | Polaris Eplus | 2X9 | P6038iMFP | UTAXP6038iMFP | KyoceraM3860idn | PolarisEplus
m3860idnf;06-2020;True;P-6038ifMFP;M3860idnf;Polaris Eplus;2WF;P-6038ifMFP | UTAX P-6038ifMFP | M3860idnf | Kyocera M3860idnf | Polaris Eplus | 2WF | P6038ifMFP | UTAXP6038ifMFP | KyoceraM3860idnf | PolarisEplus
m5521cdw;01-2017;True;P-C2155wMFP;M5521cdw;Sirius MFP LCD;2R9;P-C2155wMFP | UTAX P-C2155wMFP | M5521cdw | Kyocera M5521cdw | Sirius MFP LCD | 2R9 | PC2155wMFP | UTAXPC2155wMFP | KyoceraM5521cdw | SiriusMFPLCD
m5526cdw;01-2017;False;P-C2655wMFP;M5526cdw;Sirius MFP TSI;2R7;P-C2655wMFP | UTAX P-C2655wMFP | M5526cdw | Kyocera M5526cdw | Sirius MFP TSI | 2R7 | PC2655wMFP | UTAXPC2655wMFP | KyoceraM5526cdw | SiriusMFPTSI
m6026cdn;01-2014;True;P-C2660MFP;M6026cdn;E-Gemini L;2PV;P-C2660MFP | UTAX P-C2660MFP | M6026cdn | Kyocera M6026cdn | E-Gemini L | 2PV | PC2660MFP | UTAXPC2660MFP | KyoceraM6026cdn | EGeminiL
m6026cidn;01-2014;True;P-C2660iMFP;M6026cidn;E-GeminiHyPAS;2PX;P-C2660iMFP | UTAX P-C2660iMFP | M6026cidn | Kyocera M6026cidn | E-GeminiHyPAS | 2PX | PC2660iMFP | UTAXPC2660iMFP | KyoceraM6026cidn | EGeminiHyPAS
m6030cdn;06-2015;True;P-C3060MFP;M6030cdn;Mebius MFP;2NV;P-C3060MFP | UTAX P-C3060MFP | M6030cdn | Kyocera M6030cdn | Mebius MFP | 2NV | PC3060MFP | UTAXPC3060MFP | KyoceraM6030cdn | MebiusMFP
m6035cidn;06-2015;True;P-C3560iMFP;M6035cidn;Mebius MFP;2PB;P-C3560iMFP | UTAX P-C3560iMFP | M6035cidn | Kyocera M6035cidn | Mebius MFP | 2PB | PC3560iMFP | UTAXPC3560iMFP | KyoceraM6035cidn | MebiusMFP
m6230cidn;03-2018;True;P-C3062iMFP;M6230cidn;Mebius E MFP;2TY;P-C3062iMFP | UTAX P-C3062iMFP | M6230cidn | Kyocera M6230cidn | Mebius E MFP | 2TY | PC3062iMFP | UTAXPC3062iMFP | KyoceraM6230cidn | MebiusEMFP
m6235cidn;03-2018;True;P-C3562iMFP;M6235cidn;Mebius E MFP;2V0;P-C3562iMFP | UTAX P-C3562iMFP | M6235cidn | Kyocera M6235cidn | Mebius E MFP | 2V0 | PC3562iMFP | UTAXPC3562iMFP | KyoceraM6235cidn | MebiusEMFP
m6526cdn;01-2014;True;P-C2665MFP;M6526cdn;E-Gemini L;2PW;P-C2665MFP | UTAX P-C2665MFP | M6526cdn | Kyocera M6526cdn | E-Gemini L | 2PW | PC2665MFP | UTAXPC2665MFP | KyoceraM6526cdn | EGeminiL
m6526cidn;01-2014;True;P-C2665iMFP;M6526cidn;E-GeminiHyPAS;2PY;P-C2665iMFP | UTAX P-C2665iMFP | M6526cidn | Kyocera M6526cidn | E-GeminiHyPAS | 2PY | PC2665iMFP | UTAXPC2665iMFP | KyoceraM6526cidn | EGeminiHyPAS
m6530cdn;06-2015;True;P-C3065MFP;M6530cdn;Mebius MFP;2NW;P-C3065MFP | UTAX P-C3065MFP | M6530cdn | Kyocera M6530cdn | Mebius MFP | 2NW | PC3065MFP | UTAXPC3065MFP | KyoceraM6530cdn | MebiusMFP
m6535cidn;06-2015;True;P-C3565iMFP;M6535cidn;Mebius MFP;2PC;P-C3565iMFP | UTAX P-C3565iMFP | M6535cidn | Kyocera M6535cidn | Mebius MFP | 2PC | PC3565iMFP | UTAXPC3565iMFP | KyoceraM6535cidn | MebiusMFP
m6630cidn;03-2018;True;P-C3066iMFP;M6630cidn;Mebius E MFP;2TZ;P-C3066iMFP | UTAX P-C3066iMFP | M6630cidn | Kyocera M6630cidn | Mebius E MFP | 2TZ | PC3066iMFP | UTAXPC3066iMFP | KyoceraM6630cidn | MebiusEMFP
m6635cidn;03-2018;True;P-C3566iMFP;M6635cidn;Mebius E MFP;2V1;P-C3566iMFP | UTAX P-C3566iMFP | M6635cidn | Kyocera M6635cidn | Mebius E MFP | 2V1 | PC3566iMFP | UTAXPC3566iMFP | KyoceraM6635cidn | MebiusEMFP
ma3500ci;12-2023;False;358ci;TASKalfa MA3500ci;Virgo black;2Z6;358ci | UTAX 358ci | TASKalfa MA3500ci | Kyocera TASKalfa MA3500ci | ma3500ci | Virgo black | 2Z6 | UTAX358ci | TASKalfaMA3500ci | KyoceraTASKalfaMA3500ci | Virgoblack
ma3500cifx;10-2023;False;P-C3567iMFP;MA3500cifx;Virgo MFP;2Z3;P-C3567iMFP | UTAX P-C3567iMFP | MA3500cifx | Kyocera MA3500cifx | Virgo MFP | 2Z3 | PC3567iMFP | UTAXPC3567iMFP | KyoceraMA3500cifx | VirgoMFP
ma3500cix;10-2023;False;P-C3563iMFP;MA3500cix;Virgo MFP;2YK;P-C3563iMFP | UTAX P-C3563iMFP | MA3500cix | Kyocera MA3500cix | Virgo MFP | 2YK | PC3563iMFP | UTAXPC3563iMFP | KyoceraMA3500cix | VirgoMFP
ma4000cifx;01-2024;False;P-C4067iMFP;MA4000cifx;Virgo MFP;2Z5;P-C4067iMFP | UTAX P-C4067iMFP | MA4000cifx | Kyocera MA4000cifx | Virgo MFP | 2Z5 | PC4067iMFP | UTAXPC4067iMFP | KyoceraMA4000cifx | VirgoMFP
ma4000cix;01-2024;False;P-C4063iMFP;MA4000cix;Virgo MFP;2Z4;P-C4063iMFP | UTAX P-C4063iMFP | MA4000cix | Kyocera MA4000cix | Virgo MFP | 2Z4 | PC4063iMFP | UTAXPC4063iMFP | KyoceraMA4000cix | VirgoMFP
ma4000wfx;11-2024;False;P-4026wMFP;MA4000wfx;Libra MFP 2.0;C1C;P-4026wMFP | UTAX P-4026wMFP | MA4000wfx | Kyocera MA4000wfx | Libra MFP 2.0 | C1C | P4026wMFP | UTAXP4026wMFP | KyoceraMA4000wfx | LibraMFP2.0
ma4000wifx;11-2024;False;P-4027iwMFP;MA4000wifx;Libra MFP 2.0;C1D;P-4027iwMFP | UTAX P-4027iwMFP | MA4000wifx | Kyocera MA4000wifx | Libra MFP 2.0 | C1D | P4027iwMFP | UTAXP4027iwMFP | KyoceraMA4000wifx | LibraMFP2.0
ma4000x;11-2024;False;P-4021MFP;MA4000x;Libra MFP 2.0;C14;P-4021MFP | UTAX P-4021MFP | MA4000x | Kyocera MA4000x | Libra MFP 2.0 | C14 | P4021MFP | UTAXP4021MFP | KyoceraMA4000x | LibraMFP2.0
ma4500ci;02-2024;False;458ci;TASKalfa MA4500ci;Virgo black;2Z7;458ci | UTAX 458ci | TASKalfa MA4500ci | Kyocera TASKalfa MA4500ci | ma4500ci | Virgo black | 2Z7 | UTAX458ci | TASKalfaMA4500ci | KyoceraTASKalfaMA4500ci | Virgoblack
ma4500fx;10-2023;False;P-4539MFP;MA4500fx;Polaris Next;C12;P-4539MFP | UTAX P-4539MFP | MA4500fx | Kyocera MA4500fx | Polaris Next | C12 | P4539MFP | UTAXP4539MFP | KyoceraMA4500fx | PolarisNext
ma4500ifx;10-2023;False;P-4539iMFP;MA4500ifx;Polaris Next;C10;P-4539iMFP | UTAX P-4539iMFP | MA4500ifx | Kyocera MA4500ifx | Polaris Next | C10 | P4539iMFP | UTAXP4539iMFP | KyoceraMA4500ifx | PolarisNext
ma4500ix;10-2023;False;P-4532iMFP;MA4500ix;Polaris Next;C11;P-4532iMFP | UTAX P-4532iMFP | MA4500ix | Kyocera MA4500ix | Polaris Next | C11 | P4532iMFP | UTAXP4532iMFP | KyoceraMA4500ix | PolarisNext
ma4500x;10-2023;False;P-4532MFP;MA4500x;Polaris Next;C13;P-4532MFP | UTAX P-4532MFP | MA4500x | Kyocera MA4500x | Polaris Next | C13 | P4532MFP | UTAXP4532MFP | KyoceraMA4500x | PolarisNext
ma5500ifx;10-2023;False;P-5539iMFP;MA5500ifx;Polaris Next;C0Z;P-5539iMFP | UTAX P-5539iMFP | MA5500ifx | Kyocera MA5500ifx | Polaris Next | C0Z | P5539iMFP | UTAXP5539iMFP | KyoceraMA5500ifx | PolarisNext
ma6000ifx;10-2023;False;P-6039iMFP;MA6000ifx;Polaris Next;C0V;P-6039iMFP | UTAX P-6039iMFP | MA6000ifx | Kyocera MA6000ifx | Polaris Next | C0V | P6039iMFP | UTAXP6039iMFP | KyoceraMA6000ifx | PolarisNext
mz2501ci;04-2025;False;2509ci;TASKalfa MZ2501ci;Iris 2024 Color;C2M;2509ci | UTAX 2509ci | TASKalfa MZ2501ci | Kyocera TASKalfa MZ2501ci | mz2501ci | Iris 2024 Color | C2M | UTAX2509ci | TASKalfaMZ2501ci | KyoceraTASKalfaMZ2501ci | Iris2024Color
mz3200i;07-2022;False;3263i;TASKalfa MZ3200i;Tomcat 4;2ZT;3263i | UTAX 3263i | TASKalfa MZ3200i | Kyocera TASKalfa MZ3200i | mz3200i | Tomcat 4 | 2ZT | UTAX3263i | TASKalfaMZ3200i | KyoceraTASKalfaMZ3200i | Tomcat4
mz3501ci;04-2025;False;3509ci;TASKalfa MZ3501ci;Iris 2024 Color;C2L;3509ci | UTAX 3509ci | TASKalfa MZ3501ci | Kyocera TASKalfa MZ3501ci | mz3501ci | Iris 2024 Color | C2L | UTAX3509ci | TASKalfaMZ3501ci | KyoceraTASKalfaMZ3501ci | Iris2024Color
mz4000i;07-2022;False;4063i;TASKalfa MZ4000i;Tomcat 4;2ZS;4063i | UTAX 4063i | TASKalfa MZ4000i | Kyocera TASKalfa MZ4000i | mz4000i | Tomcat 4 | 2ZS | UTAX4063i | TASKalfaMZ4000i | KyoceraTASKalfaMZ4000i | Tomcat4
mz4001ci;04-2025;False;4009ci;TASKalfa MZ4001ci;Iris 2024 Color;C2K;4009ci | UTAX 4009ci | TASKalfa MZ4001ci | Kyocera TASKalfa MZ4001ci | mz4001ci | Iris 2024 Color | C2K | UTAX4009ci | TASKalfaMZ4001ci | KyoceraTASKalfaMZ4001ci | Iris2024Color
mz5001ci;04-2025;False;5009ci;TASKalfa MZ5001ci;Iris 2024 Color;C2J;5009ci | UTAX 5009ci | TASKalfa MZ5001ci | Kyocera TASKalfa MZ5001ci | mz5001ci | Iris 2024 Color | C2J | UTAX5009ci | TASKalfaMZ5001ci | KyoceraTASKalfaMZ5001ci | Iris2024Color
mz5001i;04-2025;False;5059i;TASKalfa MZ5001i;Iris 2024 mono;C2R;5059i | UTAX 5059i | TASKalfa MZ5001i | Kyocera TASKalfa MZ5001i | mz5001i | Iris 2024 mono | C2R | UTAX5059i | TASKalfaMZ5001i | KyoceraTASKalfaMZ5001i | Iris2024mono
mz6001ci;04-2025;False;6009ci;TASKalfa MZ6001ci;Iris 2024 Color;C2H;6009ci | UTAX 6009ci | TASKalfa MZ6001ci | Kyocera TASKalfa MZ6001ci | mz6001ci | Iris 2024 Color | C2H | UTAX6009ci | TASKalfaMZ6001ci | KyoceraTASKalfaMZ6001ci | Iris2024Color
mz6001i;04-2025;False;6059i;TASKalfa MZ6001i;Iris 2024 mono;C2P;6059i | UTAX 6059i | TASKalfa MZ6001i | Kyocera TASKalfa MZ6001i | mz6001i | Iris 2024 mono | C2P | UTAX6059i | TASKalfaMZ6001i | KyoceraTASKalfaMZ6001i | Iris2024mono
mz7001ci;04-2025;False;7009ci;TASKalfa MZ7001ci;Iris 2024 Color;C2G;7009ci | UTAX 7009ci | TASKalfa MZ7001ci | Kyocera TASKalfa MZ7001ci | mz7001ci | Iris 2024 Color | C2G | UTAX7009ci | TASKalfaMZ7001ci | KyoceraTASKalfaMZ7001ci | Iris2024Color
mz7001i;04-2025;False;7059i;TASKalfa MZ7001i;Iris 2024 mono;C2N;7059i | UTAX 7059i | TASKalfa MZ7001i | Kyocera TASKalfa MZ7001i | mz7001i | Iris 2024 mono | C2N | UTAX7059i | TASKalfaMZ7001i | KyoceraTASKalfaMZ7001i | Iris2024mono
p2035d;01-2014;True;P-3520D;P2035d;E-Dolphin;2PG;P-3520D | UTAX P-3520D | P2035d | Kyocera P2035d | E-Dolphin | 2PG | P3520D | UTAXP3520D | KyoceraP2035d | EDolphin
p2040dn;01-2017;True;P-4020DN;P2040dn;Libra Printer;2RX;P-4020DN | UTAX P-4020DN | P2040dn | Kyocera P2040dn | Libra Printer | 2RX | P4020DN | UTAXP4020DN | KyoceraP2040dn | LibraPrinter
p2040dw;01-2017;True;P-4020DW;P2040dw;Libra Printer;2RY;P-4020DW | UTAX P-4020DW | P2040dw | Kyocera P2040dw | Libra Printer | 2RY | P4020DW | UTAXP4020DW | KyoceraP2040dw | LibraPrinter
p2135d;01-2014;True;P-3521D;P2135d;E-Dolphin;2PH;P-3521D | UTAX P-3521D | P2135d | Kyocera P2135d | E-Dolphin | 2PH | P3521D | UTAXP3521D | KyoceraP2135d | EDolphin
p2135dn;01-2014;True;P-3521DN;P2135dn;E-Dolphin Net;2LZ;P-3521DN | UTAX P-3521DN | P2135dn | Kyocera P2135dn | E-Dolphin Net | 2LZ | P3521DN | UTAXP3521DN | KyoceraP2135dn | EDolphinNet
p2235dw;01-2017;False;P-3522DW;P2235dw;Libra Printer;2RW;P-3522DW | UTAX P-3522DW | P2235dw | Kyocera P2235dw | Libra Printer | 2RW | P3522DW | UTAXP3522DW | KyoceraP2235dw | LibraPrinter
p3045dn;01-2017;True;P-4531DN;P3045dn;6th Generation +;2T9;P-4531DN | UTAX P-4531DN | P3045dn | Kyocera P3045dn | 6th Generation + | 2T9 | P4531DN | UTAXP4531DN | KyoceraP3045dn | 6thGeneration+
p3050dn;01-2017;True;P-5031DN;P3050dn;6th Generation +;2T8;P-5031DN | UTAX P-5031DN | P3050dn | Kyocera P3050dn | 6th Generation + | 2T8 | P5031DN | UTAXP5031DN | KyoceraP3050dn | 6thGeneration+
p3055dn;01-2017;True;P-5531DN;P3055dn;6th Generation +;2T7;P-5531DN | UTAX P-5531DN | P3055dn | Kyocera P3055dn | 6th Generation + | 2T7 | P5531DN | UTAXP5531DN | KyoceraP3055dn | 6thGeneration+
p3060dn;01-2017;True;P-6031DN;P3060dn;6th Generation +;2T6;P-6031DN | UTAX P-6031DN | P3060dn | Kyocera P3060dn | 6th Generation + | 2T6 | P6031DN | UTAXP6031DN | KyoceraP3060dn | 6thGeneration+
p3145dn;01-2020;True;P-4532DN;P3145dn;6th Gen.+E;2TT;P-4532DN | UTAX P-4532DN | P3145dn | Kyocera P3145dn | 6th Gen.+E | 2TT | P4532DN | UTAXP4532DN | KyoceraP3145dn | 6thGen.+E
p3150dn;01-2020;True;P-5032DN;P3150dn;6th Gen.+E;2TS;P-5032DN | UTAX P-5032DN | P3150dn | Kyocera P3150dn | 6th Gen.+E | 2TS | P5032DN | UTAXP5032DN | KyoceraP3150dn | 6thGen.+E
p3155dn;01-2020;True;P-5532DN;P3155dn;6th Gen.+E;2TR;P-5532DN | UTAX P-5532DN | P3155dn | Kyocera P3155dn | 6th Gen.+E | 2TR | P5532DN | UTAXP5532DN | KyoceraP3155dn | 6thGen.+E
p3260dn;01-2020;True;P-6033DN;P3260dn;6th Gen.+E;2WD;P-6033DN | UTAX P-6033DN | P3260dn | Kyocera P3260dn | 6th Gen.+E | 2WD | P6033DN | UTAXP6033DN | KyoceraP3260dn | 6thGen.+E
p4060dn;06-2020;False;P-6040DN;P4060dn;Iris Printer mono;2RS;P-6040DN | UTAX P-6040DN | P4060dn | Kyocera P4060dn | Iris Printer mono | 2RS | P6040DN | UTAXP6040DN | KyoceraP4060dn | IrisPrintermono
p5026cdw;01-2017;False;P-C2650DW;P5026cdw;Sirius Printer;2RB;P-C2650DW | UTAX P-C2650DW | P5026cdw | Kyocera P5026cdw | Sirius Printer | 2RB | PC2650DW | UTAXPC2650DW | KyoceraP5026cdw | SiriusPrinter
p6021cdn;01-2014;True;P-C2160DN;P6021cdn;E-Gemini 1.5 Prt;2PS;P-C2160DN | UTAX P-C2160DN | P6021cdn | Kyocera P6021cdn | E-Gemini 1.5 Prt | 2PS | PC2160DN | UTAXPC2160DN | KyoceraP6021cdn | EGemini1.5Prt
p6026cdn;12-2013;True;P-C2660DN;P6026cdn;E-Gemini 1.5 Prt;2PT;P-C2660DN | UTAX P-C2660DN | P6026cdn | Kyocera P6026cdn | E-Gemini 1.5 Prt | 2PT | PC2660DN | UTAXPC2660DN | KyoceraP6026cdn | EGemini1.5Prt
p6030cdn;01-2014;True;P-C3060DN;P6030cdn;E-Cassiopeia 30;2PP;P-C3060DN | UTAX P-C3060DN | P6030cdn | Kyocera P6030cdn | E-Cassiopeia 30 | 2PP | PC3060DN | UTAXPC3060DN | KyoceraP6030cdn | ECassiopeia30
p6035cdn;06-2015;True;P-C3560DN;P6035cdn;Mebius Printer;2NS;P-C3560DN | UTAX P-C3560DN | P6035cdn | Kyocera P6035cdn | Mebius Printer | 2NS | PC3560DN | UTAXPC3560DN | KyoceraP6035cdn | MebiusPrinter
p6130cdn;06-2015;True;P-C3061DN;P6130cdn;Mebius Printer;2NR;P-C3061DN | UTAX P-C3061DN | P6130cdn | Kyocera P6130cdn | Mebius Printer | 2NR | PC3061DN | UTAXPC3061DN | KyoceraP6130cdn | MebiusPrinter
p6230cdn;05-2018;True;P-C3062DN;P6230cdn;Mebius E Printer;2TV;P-C3062DN | UTAX P-C3062DN | P6230cdn | Kyocera P6230cdn | Mebius E Printer | 2TV | PC3062DN | UTAXPC3062DN | KyoceraP6230cdn | MebiusEPrinter
p6235cdn;05-2018;False;P-C3562DN;P6235cdn;Mebius E Printer;2TW;P-C3562DN | UTAX P-C3562DN | P6235cdn | Kyocera P6235cdn | Mebius E Printer | 2TW | PC3562DN | UTAXPC3562DN | KyoceraP6235cdn | MebiusEPrinter
p7035cdn;01-2014;True;P-C3570DN;P7035cdn;E-Treasure;2PR;P-C3570DN | UTAX P-C3570DN | P7035cdn | Kyocera P7035cdn | E-Treasure | 2PR | PC3570DN | UTAXPC3570DN | KyoceraP7035cdn | ETreasure
p7040cdn;05-2016;True;P-C4070DN;P7040cdn;Mebius Printer;2NT;P-C4070DN | UTAX P-C4070DN | P7040cdn | Kyocera P7040cdn | Mebius Printer | 2NT | PC4070DN | UTAXPC4070DN | KyoceraP7040cdn | MebiusPrinter
p7240cdn;05-2018;True;P-C4072DN;P7240cdn;Mebius E Printer;2TX;P-C4072DN | UTAX P-C4072DN | P7240cdn | Kyocera P7240cdn | Mebius E Printer | 2TX | PC4072DN | UTAXPC4072DN | KyoceraP7240cdn | MebiusEPrinter
pa3500cx;10-2023;False;P-C3563DN;PA3500cx;Virgo Printer;2YJ;P-C3563DN | UTAX P-C3563DN | PA3500cx | Kyocera PA3500cx | Virgo Printer | 2YJ | PC3563DN | UTAXPC3563DN | KyoceraPA3500cx | VirgoPrinter
pa4000cx;01-2024;False;P-C4063DN;PA4000cx;Virgo Printer;2Z0;P-C4063DN | UTAX P-C4063DN | PA4000cx | Kyocera PA4000cx | Virgo Printer | 2Z0 | PC4063DN | UTAXPC4063DN | KyoceraPA4000cx | VirgoPrinter
pa4000wx;11-2024;False;P-4021DW;PA4000wx;Libra Prt. 2.0;C1F;P-4021DW | UTAX P-4021DW | PA4000wx | Kyocera PA4000wx | Libra Prt. 2.0 | C1F | P4021DW | UTAXP4021DW | KyoceraPA4000wx | LibraPrt.2.0
pa4000x;11-2024;False;P-4021DN;PA4000x;Libra Prt. 2.0;C15;P-4021DN | UTAX P-4021DN | PA4000x | Kyocera PA4000x | Libra Prt. 2.0 | C15 | P4021DN | UTAXP4021DN | KyoceraPA4000x | LibraPrt.2.0
pa4500ci;10-2023;False;P458ci;PA4500ci;Virgo Print. HyPAS;2Z2;P458ci | UTAX P458ci | PA4500ci | Kyocera PA4500ci | Virgo Print. HyPAS | 2Z2 | UTAXP458ci | KyoceraPA4500ci | VirgoPrint.HyPAS
pa4500x;10-2023;False;P-4534DN;PA4500x;6th Gen. Next;C0Y;P-4534DN | UTAX P-4534DN | PA4500x | Kyocera PA4500x | 6th Gen. Next | C0Y | P4534DN | UTAXP4534DN | KyoceraPA4500x | 6thGen.Next
pa5000x;10-2023;False;P-5034DN;PA5000x;6th Gen. Next;C0X;P-5034DN | UTAX P-5034DN | PA5000x | Kyocera PA5000x | 6th Gen. Next | C0X | P5034DN | UTAXP5034DN | KyoceraPA5000x | 6thGen.Next
pa5500x;10-2023;False;P-5534DN;PA5500x;6th Gen. Next;C0W;P-5534DN | UTAX P-5534DN | PA5500x | Kyocera PA5500x | 6th Gen. Next | C0W | P5534DN | UTAXP5534DN | KyoceraPA5500x | 6thGen.Next
pa6000x;01-2024;False;P-6034DN;PA6000x;6th Gen. Next;C0T;P-6034DN | UTAX P-6034DN | PA6000x | Kyocera PA6000x | 6th Gen. Next | C0T | P6034DN | UTAXP6034DN | KyoceraPA6000x | 6thGen.Next
taskaffa550c;10-2009;True;CDC 1755;TASKaffa 550c;Broad Peak;5JN;CDC 1755 | UTAX CDC 1755 | DCC 2755 | TASKaffa 550c | Kyocera TASKaffa 550c | taskaffa550c | Broad Peak | 5JN | CDC1755 | UTAXCDC1755 | DCC2755 | KyoceraTASKaffa550c | BroadPeak
ti820;03-2000;True;LF 82;TI-820;;;LF 82 | UTAX LF 82 | TI-820 | Kyocera TI-820 | ti820 | LF82 | UTAXLF82 | KyoceraTI820
ti850;03-2000;True;LF 85;TI-850;;;LF 85 | UTAX LF 85 | F 950 | TI-850 | Kyocera TI-850 | ti850 | LF85 | UTAXLF85 | F950 | KyoceraTI850
ti870;03-2000;True;LF 87;TI-870;;;LF 87 | UTAX LF 87 | TI-870 | Kyocera TI-870 | ti870 | LF87 | UTAXLF87 | KyoceraTI870
vi600;01-2000;True;CD 60;VI-600;;;CD 60 | UTAX CD 60 | VI-600 | Kyocera VI-600 | vi600 | CD60 | UTAXCD60 | KyoceraVI600
